variant,stock,entry_date,exit_date,exit_reason,ret,ret_net,touch_gap,provisional_sessions,bench_ret,excess_ret
base,FDX,2017-02-24,2017-03-03,hold_days,0.006421537676155609,0.005421537676155609,32,1,0.00442572636272609,0.0009958113134295185
gap60,FDX,2017-02-24,2017-03-03,hold_days,0.006421537676155609,0.005421537676155609,32,1,0.00442572636272609,0.0009958113134295185
base,FDX,2017-04-21,2017-04-28,hold_days,0.023855770239003204,0.022855770239003204,52,2,0.029223699892419353,-0.006367929653416149
gap60,FDX,2017-04-21,2017-04-28,hold_days,0.023855770239003204,0.022855770239003204,52,2,0.029223699892419353,-0.006367929653416149
conf2,FDX,2017-04-21,2017-04-28,hold_days,0.023855770239003204,0.022855770239003204,52,2,0.029223699892419353,-0.006367929653416149
gap60+conf2,FDX,2017-04-21,2017-04-28,hold_days,0.023855770239003204,0.022855770239003204,52,2,0.029223699892419353,-0.006367929653416149
base,FDX,2017-11-17,2017-11-27,hold_days,0.008657569041237823,0.0076575690412378225,93,2,0.014643276820274664,-0.006985707779036842
conf2,FDX,2017-11-17,2017-11-27,hold_days,0.008657569041237823,0.0076575690412378225,93,2,0.014643276820274664,-0.006985707779036842
base,FDX,2018-10-26,2018-11-02,hold_days,0.05286584549498885,0.05186584549498885,284,2,0.022648796663632842,0.029217048831356007
conf2,FDX,2018-10-26,2018-11-02,hold_days,0.05286584549498885,0.05186584549498885,284,2,0.022648796663632842,0.029217048831356007
base,FDX,2020-03-02,2020-03-09,hold_days,-0.16793070105346752,-0.16893070105346752,1001,2,-0.09411554343183193,-0.0748151576216356
conf2,FDX,2020-03-02,2020-03-09,hold_days,-0.16793070105346752,-0.16893070105346752,1001,2,-0.09411554343183193,-0.0748151576216356
base,FDX,2020-07-31,2020-08-07,hold_days,0.08984591322401392,0.08884591322401392,8,3,0.032779761840295185,0.05606615138371873
gap60,FDX,2020-07-31,2020-08-05,resistance,0.01959612065747751,0.01859612065747751,8,3,0.016000725221150036,0.0025953954363274745
conf2,FDX,2020-07-31,2020-08-07,hold_days,0.08984591322401392,0.08884591322401392,8,3,0.032779761840295185,0.05606615138371873
gap60+conf2,FDX,2020-07-31,2020-08-05,resistance,0.01959612065747751,0.01859612065747751,8,3,0.016000725221150036,0.0025953954363274745
base,FDX,2021-03-08,2021-03-15,hold_days,0.06182855121615227,0.06082855121615227,106,2,0.031324018976449874,0.029504532239702397
conf2,FDX,2021-03-08,2021-03-15,hold_days,0.06182855121615227,0.06082855121615227,106,2,0.031324018976449874,0.029504532239702397
base,FDX,2021-06-14,2021-06-21,hold_days,0.0005802308228721742,-0.0004197691771278258,39,2,0.005460581956697741,-0.005880351133825567
gap60,FDX,2021-06-14,2021-06-21,hold_days,0.0005802308228721742,-0.0004197691771278258,39,2,0.005460581956697741,-0.005880351133825567
conf2,FDX,2021-06-14,2021-06-21,hold_days,0.0005802308228721742,-0.0004197691771278258,39,2,0.005460581956697741,-0.005880351133825567
gap60+conf2,FDX,2021-06-14,2021-06-21,hold_days,0.0005802308228721742,-0.0004197691771278258,39,2,0.005460581956697741,-0.005880351133825567
base,FDX,2021-07-09,2021-07-16,hold_days,-0.01319162186410383,-0.014191621864103832,39,1,0.00781657090714405,-0.02200819277124788
gap60,FDX,2021-07-09,2021-07-16,hold_days,-0.01319162186410383,-0.014191621864103832,39,1,0.00781657090714405,-0.02200819277124788
base,FDX,2021-09-17,2021-09-24,hold_days,-0.11198163305649711,-0.11298163305649711,167,3,-0.016251144036771192,-0.09673048901972592
conf2,FDX,2021-09-17,2021-09-24,hold_days,-0.11198163305649711,-0.11298163305649711,167,3,-0.016251144036771192,-0.09673048901972592
gap60,FDX,2023-08-31,2023-09-08,hold_days,-0.024741006907385787,-0.02574100690738579,25,3,-0.024697616457358573,-0.001043390450027215
gap60+conf2,FDX,2023-08-31,2023-09-08,hold_days,-0.024741006907385787,-0.02574100690738579,25,3,-0.024697616457358573,-0.001043390450027215
gap60,FDX,2024-02-06,2024-02-13,hold_days,-0.020429426435859432,-0.021429426435859433,58,1,-0.014508921773664696,-0.0069205046621947375
gap60+conf2,FDX,2024-02-07,2024-02-14,hold_days,-0.021888942371716236,-0.022888942371716237,58,2,-0.012013592867468392,-0.010875349504247844
base,FDX,2024-06-18,2024-06-26,hold_days,0.20041180480346354,0.19941180480346354,187,2,0.0356911865296361,0.16372061827382745
conf2,FDX,2024-06-18,2024-06-26,hold_days,0.20041180480346354,0.19941180480346354,187,2,0.0356911865296361,0.16372061827382745
base,FDX,2024-12-24,2025-01-02,hold_days,0.008975930400267229,0.007975930400267228,184,1,-0.01716462653645867,0.0251405569367259
base,FDX,2026-01-23,2026-01-30,hold_days,0.059301075350082,0.058301075350082,379,3,-0.01350633522259459,0.07180741057267659
conf2,FDX,2026-01-23,2026-01-30,hold_days,0.059301075350082,0.058301075350082,379,3,-0.01350633522259459,0.07180741057267659
base,FDX,2026-06-04,2026-06-11,hold_days,0.030487717981037665,0.029487717981037664,23,1,0.00020006047076659428,0.02928765751027107
gap60,FDX,2026-06-04,2026-06-11,hold_days,0.030487717981037665,0.029487717981037664,23,1,0.00020006047076659428,0.02928765751027107
base,TMO,2017-06-29,2017-07-07,hold_days,0.02070262641028453,0.01970262641028453,10,3,0.015848632122636985,0.003853994287647544
gap60,TMO,2017-06-29,2017-07-07,hold_days,0.02070262641028453,0.01970262641028453,10,3,0.015848632122636985,0.003853994287647544
conf2,TMO,2017-06-29,2017-07-07,hold_days,0.02070262641028453,0.01970262641028453,10,3,0.015848632122636985,0.003853994287647544
gap60+conf2,TMO,2017-06-29,2017-07-07,hold_days,0.02070262641028453,0.01970262641028453,10,3,0.015848632122636985,0.003853994287647544
base,TMO,2017-11-13,2017-11-20,hold_days,0.014824043788139063,0.013824043788139062,31,1,-0.0030201824576558955,0.016844226245794958
gap60,TMO,2017-11-13,2017-11-20,hold_days,0.014824043788139063,0.013824043788139062,31,1,-0.0030201824576558955,0.016844226245794958
base,TMO,2017-12-06,2017-12-13,hold_days,0.04133351116748574,0.040333511167485736,94,2,0.014139836435889341,0.026193674731596395
conf2,TMO,2017-12-06,2017-12-13,hold_days,0.04133351116748574,0.040333511167485736,94,2,0.014139836435889341,0.026193674731596395
base,TMO,2018-03-27,2018-04-04,hold_days,0.013067511508373375,0.012067511508373374,16,2,0.015095255229598648,-0.0030277437212252734
gap60,TMO,2018-03-27,2018-04-04,hold_days,0.013067511508373375,0.012067511508373374,16,2,0.015095255229598648,-0.0030277437212252734
conf2,TMO,2018-03-27,2018-04-04,hold_days,0.013067511508373375,0.012067511508373374,16,2,0.015095255229598648,-0.0030277437212252734
gap60+conf2,TMO,2018-03-27,2018-04-04,hold_days,0.013067511508373375,0.012067511508373374,16,2,0.015095255229598648,-0.0030277437212252734
base,TMO,2020-12-17,2020-12-24,hold_days,-0.014733227711579144,-0.015733227711579145,41,1,-0.020267819890750882,0.004534592179171737
gap60,TMO,2020-12-17,2020-12-24,hold_days,-0.014733227711579144,-0.015733227711579145,41,1,-0.020267819890750882,0.004534592179171737
base,TMO,2021-05-03,2021-05-10,hold_days,-0.008365967916941663,-0.009365967916941664,41,2,0.0020539632569716026,-0.011419931173913267
gap60,TMO,2021-05-03,2021-05-10,hold_days,-0.008365967916941663,-0.009365967916941664,41,2,0.0020539632569716026,-0.011419931173913267
conf2,TMO,2021-05-03,2021-05-10,hold_days,-0.008365967916941663,-0.009365967916941664,41,2,0.0020539632569716026,-0.011419931173913267
gap60+conf2,TMO,2021-05-03,2021-05-10,hold_days,-0.008365967916941663,-0.009365967916941664,41,2,0.0020539632569716026,-0.011419931173913267
base,TMO,2021-10-06,2021-10-13,hold_days,-0.0035443138185429213,-0.004544313818542921,18,2,0.010258135409803693,-0.014802449228346615
gap60,TMO,2021-10-06,2021-10-13,hold_days,-0.0035443138185429213,-0.004544313818542921,18,2,0.010258135409803693,-0.014802449228346615
conf2,TMO,2021-10-06,2021-10-13,hold_days,-0.0035443138185429213,-0.004544313818542921,18,2,0.010258135409803693,-0.014802449228346615
gap60+conf2,TMO,2021-10-06,2021-10-13,hold_days,-0.0035443138185429213,-0.004544313818542921,18,2,0.010258135409803693,-0.014802449228346615
base,TMO,2022-10-14,2022-10-21,hold_days,-0.012543447449158807,-0.013543447449158807,80,2,0.0267800100174449,-0.04032345746660371
conf2,TMO,2022-10-14,2022-10-21,hold_days,-0.012543447449158807,-0.013543447449158807,80,2,0.0267800100174449,-0.04032345746660371
base,TMO,2023-03-17,2023-03-24,resistance,0.019950942892046797,0.018950942892046796,132,2,0.011876233900922628,0.007074708991124168
conf2,TMO,2023-03-17,2023-03-24,resistance,0.019950942892046797,0.018950942892046796,132,2,0.011876233900922628,0.007074708991124168
base,TMO,2023-10-04,2023-10-11,hold_days,-0.01954433232209185,-0.02054433232209185,323,2,0.01147612309266477,-0.03202045541475662
conf2,TMO,2023-10-04,2023-10-11,hold_days,-0.01954433232209185,-0.02054433232209185,323,2,0.01147612309266477,-0.03202045541475662
base,TMO,2024-01-05,2024-01-12,hold_days,0.024640894187703433,0.023640894187703432,92,2,0.016252710351742472,0.00738818383596096
conf2,TMO,2024-01-05,2024-01-12,hold_days,0.024640894187703433,0.023640894187703432,92,2,0.016252710351742472,0.00738818383596096
gap60,TMO,2024-09-19,2024-09-26,hold_days,-0.001483303275168879,-0.002483303275168879,20,1,-0.03350448989579946,0.03102118662063058
base,TMO,2024-09-20,2024-09-27,hold_days,0.001189571791213373,0.00018957179121337295,614,2,0.0012569826196791034,-0.0010674108284657305
conf2,TMO,2024-09-20,2024-09-27,hold_days,0.001189571791213373,0.00018957179121337295,614,2,0.0012569826196791034,-0.0010674108284657305
base,TMO,2025-07-09,2025-07-16,hold_days,-0.008502461390592075,-0.009502461390592076,60,2,-0.006025784028926062,-0.003476677361666014
gap60,TMO,2025-07-09,2025-07-16,hold_days,-0.008502461390592075,-0.009502461390592076,60,2,-0.006025784028926062,-0.003476677361666014
conf2,TMO,2025-07-09,2025-07-16,hold_days,-0.008502461390592075,-0.009502461390592076,60,2,-0.006025784028926062,-0.003476677361666014
gap60+conf2,TMO,2025-07-09,2025-07-16,hold_days,-0.008502461390592075,-0.009502461390592076,60,2,-0.006025784028926062,-0.003476677361666014
base,TMO,2026-05-01,2026-05-08,hold_days,-0.008972490850872705,-0.009972490850872706,612,2,-0.011530675653265599,0.0015581848023928924
conf2,TMO,2026-05-01,2026-05-08,hold_days,-0.008972490850872705,-0.009972490850872706,612,2,-0.011530675653265599,0.0015581848023928924
gap60,TMO,2026-06-16,2026-06-24,hold_days,0.041406622872946164,0.04040662287294616,31,2,-0.03282400291640253,0.07323062578934869
gap60+conf2,TMO,2026-06-16,2026-06-24,hold_days,0.041406622872946164,0.04040662287294616,31,2,-0.03282400291640253,0.07323062578934869
gap60,TMO,2026-09-02,2026-09-10,hold_days,-0.008807968696785795,-0.009807968696785796,15,1,-0.015192273280159374,0.005384304583373578
base,MSFT,2016-09-13,2016-09-20,hold_days,0.004953421227979815,0.003953421227979815,32,2,0.017731373282496854,-0.01377795205451704
gap60,MSFT,2016-09-13,2016-09-20,hold_days,0.004953421227979815,0.003953421227979815,32,2,0.017731373282496854,-0.01377795205451704
conf2,MSFT,2016-09-13,2016-09-20,hold_days,0.004953421227979815,0.003953421227979815,32,2,0.017731373282496854,-0.01377795205451704
gap60+conf2,MSFT,2016-09-13,2016-09-20,hold_days,0.004953421227979815,0.003953421227979815,32,2,0.017731373282496854,-0.01377795205451704
base,MSFT,2016-09-29,2016-10-06,hold_days,0.0059236746481499125,0.0049236746481499125,10,3,-0.001502193966608334,0.006425868614758246
gap60,MSFT,2016-09-29,2016-10-06,hold_days,0.0059236746481499125,0.0049236746481499125,10,3,-0.001502193966608334,0.006425868614758246
conf2,MSFT,2016-09-29,2016-10-06,hold_days,0.0059236746481499125,0.0049236746481499125,10,3,-0.001502193966608334,0.006425868614758246
gap60+conf2,MSFT,2016-09-29,2016-10-06,hold_days,0.0059236746481499125,0.0049236746481499125,10,3,-0.001502193966608334,0.006425868614758246
base,MSFT,2018-12-18,2018-12-26,hold_days,-0.03279767732085592,-0.03379767732085592,104,1,-0.06296214857865456,0.02916447125779864
conf2,MSFT,2018-12-19,2018-12-27,hold_days,-0.02420695725366684,-0.02520695725366684,104,2,-0.018776412187232805,-0.006430545066434035
base,MSFT,2019-08-02,2019-08-09,hold_days,0.005916589034329789,0.004916589034329789,10,2,0.003797867577910674,0.0011187214564191148
gap60,MSFT,2019-08-02,2019-08-09,hold_days,0.005916589034329789,0.004916589034329789,10,2,0.003797867577910674,0.0011187214564191148
conf2,MSFT,2019-08-02,2019-08-09,hold_days,0.005916589034329789,0.004916589034329789,10,2,0.003797867577910674,0.0011187214564191148
gap60+conf2,MSFT,2019-08-02,2019-08-09,hold_days,0.005916589034329789,0.004916589034329789,10,2,0.003797867577910674,0.0011187214564191148
base,MSFT,2019-09-13,2019-09-20,hold_days,0.015437884545275615,0.014437884545275614,38,3,-0.03221754124790954,0.04665542579318516
gap60,MSFT,2019-09-13,2019-09-20,hold_days,0.015437884545275615,0.014437884545275614,38,3,-0.03221754124790954,0.04665542579318516
conf2,MSFT,2019-09-13,2019-09-20,hold_days,0.015437884545275615,0.014437884545275614,38,3,-0.03221754124790954,0.04665542579318516
gap60+conf2,MSFT,2019-09-13,2019-09-20,hold_days,0.015437884545275615,0.014437884545275614,38,3,-0.03221754124790954,0.04665542579318516
base,MSFT,2019-09-27,2019-10-04,hold_days,0.0028316195513591325,0.0018316195513591324,64,3,0.0010877881027200331,0.0007438314486390993
conf2,MSFT,2019-09-27,2019-10-04,hold_days,0.0028316195513591325,0.0018316195513591324,64,3,0.0010877881027200331,0.0007438314486390993
base,MSFT,2020-07-27,2020-08-03,hold_days,0.06225146501511092,0.06125146501511092,22,1,0.011814478352184077,0.04943698666292684
gap60,MSFT,2020-07-27,2020-08-03,hold_days,0.06225146501511092,0.06125146501511092,22,1,0.011814478352184077,0.04943698666292684
conf2,MSFT,2020-07-28,2020-08-04,hold_days,0.05578667267067816,0.05478667267067816,22,2,0.018221812955100614,0.03656485971557755
gap60+conf2,MSFT,2020-07-28,2020-08-04,hold_days,0.05578667267067816,0.05478667267067816,22,2,0.018221812955100614,0.03656485971557755
base,MSFT,2020-09-11,2020-09-18,hold_days,-0.01784041494392008,-0.01884041494392008,19,3,-0.005403093319759855,-0.013437321624160226
gap60,MSFT,2020-09-11,2020-09-18,hold_days,-0.01784041494392008,-0.01884041494392008,19,3,-0.005403093319759855,-0.013437321624160226
conf2,MSFT,2020-09-11,2020-09-18,hold_days,-0.01784041494392008,-0.01884041494392008,19,3,-0.005403093319759855,-0.013437321624160226
gap60+conf2,MSFT,2020-09-11,2020-09-18,hold_days,-0.01784041494392008,-0.01884041494392008,19,3,-0.005403093319759855,-0.013437321624160226
base,MSFT,2020-10-29,2020-11-05,hold_days,0.09070923403796072,0.08970923403796072,55,1,0.06365376069902973,0.02605547333893099
gap60,MSFT,2020-10-29,2020-11-05,hold_days,0.09070923403796072,0.08970923403796072,55,1,0.06365376069902973,0.02605547333893099
base,MSFT,2021-11-30,2021-12-07,hold_days,0.013097847751933456,0.012097847751933455,11,2,0.03624010471458905,-0.024142256962655595
gap60,MSFT,2021-11-30,2021-12-07,hold_days,0.013097847751933456,0.012097847751933455,11,2,0.03624010471458905,-0.024142256962655595
conf2,MSFT,2021-11-30,2021-12-07,hold_days,0.013097847751933456,0.012097847751933455,11,2,0.03624010471458905,-0.024142256962655595
gap60+conf2,MSFT,2021-11-30,2021-12-07,hold_days,0.013097847751933456,0.012097847751933455,11,2,0.03624010471458905,-0.024142256962655595
base,MSFT,2022-06-08,2022-06-15,hold_days,-0.06896945835604862,-0.06996945835604862,28,2,-0.033521755235905615,-0.036447703120143005
gap60,MSFT,2022-06-08,2022-06-15,hold_days,-0.06896945835604862,-0.06996945835604862,28,2,-0.033521755235905615,-0.036447703120143005
conf2,MSFT,2022-06-08,2022-06-15,hold_days,-0.06896945835604862,-0.06996945835604862,28,2,-0.033521755235905615,-0.036447703120143005
gap60+conf2,MSFT,2022-06-08,2022-06-15,hold_days,-0.06896945835604862,-0.06996945835604862,28,2,-0.033521755235905615,-0.036447703120143005
base,MSFT,2022-09-29,2022-10-06,hold_days,0.0391157313880901,0.0381157313880901,347,2,0.02568936011143963,0.012426371276650472
conf2,MSFT,2022-09-29,2022-10-06,hold_days,0.0391157313880901,0.0381157313880901,347,2,0.02568936011143963,0.012426371276650472
base,MSFT,2023-06-23,2023-06-30,hold_days,0.016476682253310893,0.015476682253310892,16,2,0.01752917893374306,-0.00205249668043217
gap60,MSFT,2023-06-23,2023-06-30,hold_days,0.016476682253310893,0.015476682253310892,16,2,0.01752917893374306,-0.00205249668043217
conf2,MSFT,2023-06-23,2023-06-30,hold_days,0.016476682253310893,0.015476682253310892,16,2,0.01752917893374306,-0.00205249668043217
gap60+conf2,MSFT,2023-06-23,2023-06-30,hold_days,0.016476682253310893,0.015476682253310892,16,2,0.01752917893374306,-0.00205249668043217
gap60,MSFT,2023-08-07,2023-08-14,hold_days,-0.018387607353563817,-0.019387607353563818,27,2,-0.010035026409788372,-0.009352580943775446
gap60+conf2,MSFT,2023-08-07,2023-08-14,hold_days,-0.018387607353563817,-0.019387607353563818,27,2,-0.010035026409788372,-0.009352580943775446
base,MSFT,2024-04-29,2024-05-06,hold_days,0.028067067302504967,0.027067067302504966,35,2,0.0024340356056715695,0.024633031696833396
gap60,MSFT,2024-04-29,2024-05-06,hold_days,0.028067067302504967,0.027067067302504966,35,2,0.0024340356056715695,0.024633031696833396
conf2,MSFT,2024-04-29,2024-05-06,hold_days,0.028067067302504967,0.027067067302504966,35,2,0.0024340356056715695,0.024633031696833396
gap60+conf2,MSFT,2024-04-29,2024-05-06,hold_days,0.028067067302504967,0.027067067302504966,35,2,0.0024340356056715695,0.024633031696833396
base,MSFT,2025-08-29,2025-09-08,hold_days,-0.016755742914611127,-0.017755742914611128,25,3,-0.017784522708577777,2.877979396664898e-05
gap60,MSFT,2025-08-29,2025-09-08,hold_days,-0.016755742914611127,-0.017755742914611128,25,3,-0.017784522708577777,2.877979396664898e-05
conf2,MSFT,2025-08-29,2025-09-08,hold_days,-0.016755742914611127,-0.017755742914611128,25,3,-0.017784522708577777,2.877979396664898e-05
gap60+conf2,MSFT,2025-08-29,2025-09-08,hold_days,-0.016755742914611127,-0.017755742914611128,25,3,-0.017784522708577777,2.877979396664898e-05
base,MSFT,2026-03-16,2026-03-23,hold_days,-0.04238023098116506,-0.04338023098116506,506,1,-0.015844559230253963,-0.027535671750911095
gap60,MSFT,2026-03-17,2026-03-24,hold_days,-0.06677347107895781,-0.06777347107895781,25,2,-0.016526854346377795,-0.05124661673258002
conf2,MSFT,2026-03-17,2026-03-24,hold_days,-0.06677347107895781,-0.06777347107895781,506,2,-0.016526854346377795,-0.05124661673258002
gap60+conf2,MSFT,2026-03-17,2026-03-24,hold_days,-0.06677347107895781,-0.06777347107895781,25,2,-0.016526854346377795,-0.05124661673258002
base,GD,2016-09-13,2016-09-20,hold_days,0.008366397025157957,0.007366397025157957,268,2,0.017731373282496854,-0.010364976257338898
gap60,GD,2016-09-13,2016-09-20,hold_days,0.008366397025157957,0.007366397025157957,28,2,0.017731373282496854,-0.010364976257338898
conf2,GD,2016-09-13,2016-09-20,hold_days,0.008366397025157957,0.007366397025157957,268,2,0.017731373282496854,-0.010364976257338898
gap60+conf2,GD,2016-09-13,2016-09-20,hold_days,0.008366397025157957,0.007366397025157957,28,2,0.017731373282496854,-0.010364976257338898
base,GD,2017-03-31,2017-04-07,hold_days,0.009001922284965547,0.008001922284965546,40,4,0.0007066184378730078,0.007295303847092538
gap60,GD,2017-03-31,2017-04-07,hold_days,0.009001922284965547,0.008001922284965546,40,4,0.0007066184378730078,0.007295303847092538
conf2,GD,2017-03-31,2017-04-07,hold_days,0.009001922284965547,0.008001922284965546,40,4,0.0007066184378730078,0.007295303847092538
gap60+conf2,GD,2017-03-31,2017-04-07,hold_days,0.009001922284965547,0.008001922284965546,40,4,0.0007066184378730078,0.007295303847092538
base,GD,2017-08-15,2017-08-22,hold_days,0.008722364212751188,0.007722364212751188,43,2,0.0037540518768020004,0.003968312335949188
gap60,GD,2017-08-15,2017-08-22,hold_days,0.008722364212751188,0.007722364212751188,43,2,0.0037540518768020004,0.003968312335949188
conf2,GD,2017-08-15,2017-08-22,hold_days,0.008722364212751188,0.007722364212751188,43,2,0.0037540518768020004,0.003968312335949188
gap60+conf2,GD,2017-08-15,2017-08-22,hold_days,0.008722364212751188,0.007722364212751188,43,2,0.0037540518768020004,0.003968312335949188
base,GD,2017-10-30,2017-11-06,hold_days,-0.018431249128896376,-0.019431249128896377,67,2,-0.007367229922686014,-0.012064019206210363
conf2,GD,2017-10-30,2017-11-06,hold_days,-0.018431249128896376,-0.019431249128896377,67,2,-0.007367229922686014,-0.012064019206210363
gap60,GD,2020-01-02,2020-01-09,hold_days,0.01782249811993708,0.01682249811993708,18,2,0.009743691322124937,0.007078806797812143
gap60+conf2,GD,2020-01-02,2020-01-09,hold_days,0.01782249811993708,0.01682249811993708,18,2,0.009743691322124937,0.007078806797812143
base,GD,2020-03-03,2020-03-10,hold_days,-0.03570314458111057,-0.03670314458111057,826,2,-0.03188941999882022,-0.004813724582290346
conf2,GD,2020-03-03,2020-03-10,hold_days,-0.03570314458111057,-0.03670314458111057,826,2,-0.03188941999882022,-0.004813724582290346
gap60,GD,2020-04-22,2020-04-29,hold_days,0.024593053738015236,0.023593053738015235,17,1,0.02944260351925565,-0.005849549781240415
base,GD,2022-02-11,2022-02-18,hold_days,0.0096370178846239,0.008637017884623899,18,1,-0.022494982772603866,0.031132000657227765
gap60,GD,2022-02-11,2022-02-18,hold_days,0.0096370178846239,0.008637017884623899,18,1,-0.022494982772603866,0.031132000657227765
base,GD,2022-04-27,2022-05-04,hold_days,0.012251158115446081,0.01125115811544608,14,1,0.032786486920945546,-0.021535328805499465
gap60,GD,2022-04-27,2022-05-04,hold_days,0.012251158115446081,0.01125115811544608,14,1,0.032786486920945546,-0.021535328805499465
base,GD,2022-07-15,2022-07-22,hold_days,0.018752543837320168,0.017752543837320167,123,1,0.02226871732018032,-0.004516173482860153
base,GD,2022-11-16,2022-11-23,hold_days,0.030301961916793463,0.029301961916793462,61,2,0.029317141703764094,-1.5179786970631604e-05
conf2,GD,2022-11-16,2022-11-23,hold_days,0.030301961916793463,0.029301961916793462,61,2,0.029317141703764094,-1.5179786970631604e-05
base,GD,2023-05-15,2023-05-22,hold_days,0.010989059540608359,0.009989059540608358,153,2,0.009884062354800438,0.00010499718580792017
conf2,GD,2023-05-15,2023-05-22,hold_days,0.010989059540608359,0.009989059540608358,153,2,0.009884062354800438,0.00010499718580792017
gap60,GD,2025-03-25,2025-04-01,hold_days,0.024669182610119744,0.023669182610119743,57,2,-0.007708708231152661,0.031377890841272404
gap60+conf2,GD,2025-03-25,2025-04-01,hold_days,0.024669182610119744,0.023669182610119743,57,2,-0.007708708231152661,0.031377890841272404
base,GD,2025-11-28,2025-12-05,hold_days,-0.012645248621254712,-0.013645248621254713,12,3,-0.016170767536686226,0.0025255189154315127
gap60,GD,2025-11-28,2025-12-05,hold_days,-0.012645248621254712,-0.013645248621254713,12,3,-0.016170767536686226,0.0025255189154315127
conf2,GD,2025-11-28,2025-12-05,hold_days,-0.012645248621254712,-0.013645248621254713,12,3,-0.016170767536686226,0.0025255189154315127
gap60+conf2,GD,2025-11-28,2025-12-05,hold_days,-0.012645248621254712,-0.013645248621254713,12,3,-0.016170767536686226,0.0025255189154315127
base,GD,2026-08-27,2026-09-03,hold_days,-0.037336216735671,-0.038336216735671,36,2,-0.013093535814084012,-0.02524268092158699
gap60,GD,2026-08-27,2026-09-03,hold_days,-0.037336216735671,-0.038336216735671,36,2,-0.013093535814084012,-0.02524268092158699
conf2,GD,2026-08-27,2026-09-03,hold_days,-0.037336216735671,-0.038336216735671,36,2,-0.013093535814084012,-0.02524268092158699
gap60+conf2,GD,2026-08-27,2026-09-03,hold_days,-0.037336216735671,-0.038336216735671,36,2,-0.013093535814084012,-0.02524268092158699
base,PEP,2018-02-22,2018-03-01,hold_days,-0.003120491315153351,-0.004120491315153351,72,1,-0.004186531757038314,6.604044188496336e-05
base,PEP,2019-01-16,2019-01-24,hold_days,0.01070696489667955,0.009706964896679549,66,2,0.021985403380087476,-0.012278438483407927
conf2,PEP,2019-01-16,2019-01-24,hold_days,0.01070696489667955,0.009706964896679549,66,2,0.021985403380087476,-0.012278438483407927
gap60,PEP,2019-02-28,2019-03-07,hold_days,0.003977883932500648,0.0029778839325006476,54,1,-0.022407857050779856,0.025385740983280503
gap60,PEP,2020-05-05,2020-05-12,hold_days,0.009645763240279104,0.008645763240279103,44,2,0.002808804326236869,0.005836958914042234
gap60+conf2,PEP,2020-05-05,2020-05-12,hold_days,0.009645763240279104,0.008645763240279103,44,2,0.002808804326236869,0.005836958914042234
gap60,PEP,2020-11-27,2020-12-04,hold_days,0.015830288887296096,0.014830288887296095,29,3,0.022216875885131104,-0.00738658699783501
gap60+conf2,PEP,2020-11-27,2020-12-04,hold_days,0.015830288887296096,0.014830288887296095,29,3,0.022216875885131104,-0.00738658699783501
gap60,PEP,2021-06-25,2021-07-02,hold_days,0.01707540629983395,0.01607540629983395,18,2,0.02625857589709457,-0.010183169597260622
gap60+conf2,PEP,2021-06-25,2021-07-02,hold_days,0.01707540629983395,0.01607540629983395,18,2,0.02625857589709457,-0.010183169597260622
base,PEP,2022-04-22,2022-04-29,hold_days,-0.0025558082070995525,-0.0035558082070995525,83,4,-0.008437786932743552,0.004881978725643999
conf2,PEP,2022-04-22,2022-04-29,hold_days,-0.0025558082070995525,-0.0035558082070995525,83,4,-0.008437786932743552,0.004881978725643999
base,PEP,2022-06-15,2022-06-23,hold_days,0.03998993403179929,0.03898993403179929,135,1,0.018422796009486264,0.020567138022313025
conf2,PEP,2022-06-16,2022-06-24,hold_days,0.05795081297125626,0.05695081297125626,135,2,0.07322993024137237,-0.016279117270116106
base,PEP,2022-08-10,2022-08-17,hold_days,0.024326438690096097,0.023326438690096096,57,2,0.019455769363031505,0.003870669327064591
gap60,PEP,2022-08-10,2022-08-17,hold_days,0.024326438690096097,0.023326438690096096,57,2,0.019455769363031505,0.003870669327064591
conf2,PEP,2022-08-10,2022-08-17,hold_days,0.024326438690096097,0.023326438690096096,57,2,0.019455769363031505,0.003870669327064591
gap60+conf2,PEP,2022-08-10,2022-08-17,hold_days,0.024326438690096097,0.023326438690096096,57,2,0.019455769363031505,0.003870669327064591
base,PEP,2022-11-07,2022-11-14,hold_days,-0.0193108157123828,-0.0203108157123828,54,2,0.0376089274882887,-0.0579197432006715
gap60,PEP,2022-11-07,2022-11-14,hold_days,-0.0193108157123828,-0.0203108157123828,54,2,0.0376089274882887,-0.0579197432006715
conf2,PEP,2022-11-07,2022-11-14,hold_days,-0.0193108157123828,-0.0203108157123828,54,2,0.0376089274882887,-0.0579197432006715
gap60+conf2,PEP,2022-11-07,2022-11-14,hold_days,-0.0193108157123828,-0.0203108157123828,54,2,0.0376089274882887,-0.0579197432006715
base,PEP,2023-01-09,2023-01-17,hold_days,-0.018234581078388934,-0.019234581078388935,96,2,0.01781814399578785,-0.037052725074176784
conf2,PEP,2023-01-09,2023-01-17,hold_days,-0.018234581078388934,-0.019234581078388935,96,2,0.01781814399578785,-0.037052725074176784
base,PEP,2023-01-26,2023-02-02,hold_days,-0.0014686677915473068,-0.0024686677915473068,98,3,0.04472062183870329,-0.0471892896302506
conf2,PEP,2023-01-26,2023-02-02,hold_days,-0.0014686677915473068,-0.0024686677915473068,98,3,0.04472062183870329,-0.0471892896302506
base,PEP,2023-06-01,2023-06-08,hold_days,-0.0004940907888300039,-0.001494090788830004,105,2,0.00898305656084597,-0.010477147349675975
conf2,PEP,2023-06-01,2023-06-08,hold_days,-0.0004940907888300039,-0.001494090788830004,105,2,0.00898305656084597,-0.010477147349675975
base,PEP,2023-06-09,2023-06-16,hold_days,0.0202358211775171,0.0192358211775171,111,2,0.03463751975246332,-0.015401698574946221
conf2,PEP,2023-06-09,2023-06-16,hold_days,0.0202358211775171,0.0192358211775171,111,2,0.03463751975246332,-0.015401698574946221
base,PEP,2023-12-11,2023-12-18,hold_days,0.006495084040305965,0.005495084040305965,196,1,0.01996556333364241,-0.014470479293336447
base,PEP,2024-02-13,2024-02-21,hold_days,-0.00029607598890679654,-0.0012960759889067966,13,2,0.01131031092920165,-0.012606386918108448
gap60,PEP,2024-02-13,2024-02-21,hold_days,-0.00029607598890679654,-0.0012960759889067966,13,2,0.01131031092920165,-0.012606386918108448
conf2,PEP,2024-02-13,2024-02-21,hold_days,-0.00029607598890679654,-0.0012960759889067966,13,2,0.01131031092920165,-0.012606386918108448
gap60+conf2,PEP,2024-02-13,2024-02-21,hold_days,-0.00029607598890679654,-0.0012960759889067966,13,2,0.01131031092920165,-0.012606386918108448
base,PEP,2024-08-15,2024-08-22,hold_days,0.018664369213224896,0.017664369213224895,127,3,0.006548269934416817,0.011116099278808078
gap60,PEP,2024-08-15,2024-08-22,hold_days,0.018664369213224896,0.017664369213224895,17,3,0.006548269934416817,0.011116099278808078
conf2,PEP,2024-08-15,2024-08-22,hold_days,0.018664369213224896,0.017664369213224895,127,3,0.006548269934416817,0.011116099278808078
gap60+conf2,PEP,2024-08-15,2024-08-22,hold_days,0.018664369213224896,0.017664369213224895,17,3,0.006548269934416817,0.011116099278808078
base,PEP,2024-12-27,2025-01-06,hold_days,-0.04329897524660564,-0.04429897524660564,301,3,-0.016412256640502165,-0.027886718606103478
conf2,PEP,2024-12-27,2025-01-06,hold_days,-0.04329897524660564,-0.04429897524660564,301,3,-0.016412256640502165,-0.027886718606103478
gap60,PEP,2025-01-30,2025-02-06,hold_days,-0.04312044632243328,-0.04412044632243328,22,2,-0.02788402658064515,-0.016236419741788133
gap60+conf2,PEP,2025-01-30,2025-02-06,hold_days,-0.04312044632243328,-0.04412044632243328,22,2,-0.02788402658064515,-0.016236419741788133
base,PEP,2025-07-16,2025-07-23,hold_days,0.07617283371522032,0.07517283371522032,947,1,0.05947087882216695,0.01570195489305337
base,PEP,2025-08-04,2025-08-11,hold_days,0.038048193881111025,0.037048193881111025,78,2,0.008644619905828321,0.028403573975282703
conf2,PEP,2025-08-04,2025-08-11,hold_days,0.038048193881111025,0.037048193881111025,78,2,0.008644619905828321,0.028403573975282703
base,PEP,2025-08-29,2025-09-08,hold_days,-0.03736112006892256,-0.03836112006892256,147,1,-0.017784522708577777,-0.020576597360344784
base,PEP,2025-09-19,2025-09-26,hold_days,-0.00931153820307773,-0.01031153820307773,101,3,-0.0017575620738867759,-0.008553976129190954
conf2,PEP,2025-09-19,2025-09-26,hold_days,-0.00931153820307773,-0.01031153820307773,101,3,-0.0017575620738867759,-0.008553976129190954
base,PEP,2026-05-28,2026-06-04,hold_days,-0.028299930085358027,-0.029299930085358028,286,2,-0.013049762626609618,-0.01625016745874841
conf2,PEP,2026-05-28,2026-06-04,hold_days,-0.028299930085358027,-0.029299930085358028,286,2,-0.013049762626609618,-0.01625016745874841
base,PEP,2026-06-24,2026-07-01,hold_days,-0.007802060756044171,-0.008802060756044172,142,2,0.027067312839445634,-0.035869373595489806
conf2,PEP,2026-06-24,2026-07-01,hold_days,-0.007802060756044171,-0.008802060756044172,142,2,0.027067312839445634,-0.035869373595489806
gap60,PEP,2026-06-26,2026-07-06,hold_days,0.013437871563131365,0.012437871563131364,17,1,0.024593191724252783,-0.012155320161121419
