variant,stock,entry_date,exit_date,ret,ret_net,drop_a,drop_b,bench_ret,excess_ret
hold,NVDA,2016-09-14,2016-09-21,0.07384122833424867,0.07284122833424866,0.059200543866890026,0.014591550095643252,0.02956682387995757,0.04327440445429109
within,NVDA,2016-09-14,2016-09-21,0.07384122833424867,0.07284122833424866,0.059200543866890026,0.014591550095643252,0.02956682387995757,0.04327440445429109
hold,NVDA,2017-08-30,2017-09-07,0.005432290549486574,0.004432290549486574,0.026754449148130018,0.001637701720618763,0.004804057898089464,-0.00037176734860289076
within,NVDA,2017-08-30,2017-09-07,0.005432290549486574,0.004432290549486574,0.026754449148130018,0.001637701720618763,0.004804057898089464,-0.00037176734860289076
within,NVDA,2018-04-05,2018-04-12,0.05971630274771056,0.05871630274771056,0.12363393566755404,0.04657972161756823,0.009041528135165233,0.049674774612545325
hold,NVDA,2018-11-23,2018-11-30,0.12823132612859722,0.12723132612859722,0.39033146523394874,0.029751388514465318,0.06921272149528646,0.058018604633310766
within,NVDA,2018-11-23,2018-11-30,0.12823132612859722,0.12723132612859722,0.39033146523394874,0.029751388514465318,0.06921272149528646,0.058018604633310766
within,NVDA,2018-12-06,2018-12-13,-0.05938468059037638,-0.06038468059037638,0.2506605712673196,0.07908735884088931,-0.018981440662228954,-0.04140323992814743
hold,NVDA,2018-12-12,2018-12-19,-0.06977851329893847,-0.07077851329893847,0.1414599557030982,0.02446376353294565,-0.05709711930085348,-0.01368139399808499
hold,NVDA,2019-05-16,2019-05-23,-0.08034208749691252,-0.08134208749691252,0.14508495378492856,0.01529777053302546,-0.018255454110917668,-0.06308663338599485
within,NVDA,2019-05-16,2019-05-23,-0.08034208749691252,-0.08134208749691252,0.14508495378492856,0.01529777053302546,-0.018255454110917668,-0.06308663338599485
within,NVDA,2019-09-30,2019-10-07,0.05894189340857747,0.05794189340857747,0.06615652118308149,0.03697647082892299,0.002984375533948036,0.054957517874629436
within,NVDA,2021-09-14,2021-09-21,-0.044780233173282724,-0.045780233173282725,0.029589041398794286,0.014609321345044115,-0.029724368120737865,-0.01605586505254486
hold,NVDA,2024-10-29,2024-11-05,-0.00948680854419337,-0.010486808544193371,0.029302806463970786,0.007232553619660598,0.016456985153060932,-0.026943793697254304
within,NVDA,2024-10-29,2024-11-05,-0.00948680854419337,-0.010486808544193371,0.029302806463970786,0.007232553619660598,0.016456985153060932,-0.026943793697254304
hold,NVDA,2024-11-14,2024-11-21,-0.0006133028228296755,-0.0016133028228296755,0.024615636476886308,0.013715644850697224,0.0017306365231652965,-0.003343939345994972
within,NVDA,2024-11-14,2024-11-21,-0.0006133028228296755,-0.0016133028228296755,0.024615636476886308,0.013715644850697224,0.0017306365231652965,-0.003343939345994972
within,NVDA,2025-11-26,2025-12-04,0.017365047576710646,0.016365047576710645,0.10684087382297977,0.02625227148762312,0.02322789998126895,-0.006862852404558306
hold,NVDA,2026-01-07,2026-01-14,-0.03156896554512967,-0.03256896554512967,0.02137846347126943,0.008561861939891285,0.014771956941552089,-0.04734092248668176
within,NVDA,2026-01-07,2026-01-14,-0.03156896554512967,-0.03256896554512967,0.02137846347126943,0.008561861939891285,0.014771956941552089,-0.04734092248668176
hold,CSCO,2016-09-15,2016-09-22,0.011178724492640013,0.010178724492640012,0.0325281996689907,0.014093852193741117,0.015007048202247963,-0.004828323709607951
within,CSCO,2016-09-15,2016-09-22,0.011178724492640013,0.010178724492640012,0.0325281996689907,0.014093852193741117,0.015007048202247963,-0.004828323709607951
hold,CSCO,2016-10-26,2016-11-02,-0.005237273461320191,-0.006237273461320191,0.04284971192063698,0.003947488358431693,-0.006013356275004655,-0.0002239171863155356
within,CSCO,2016-10-26,2016-11-02,-0.005237273461320191,-0.006237273461320191,0.04284971192063698,0.003947488358431693,-0.006013356275004655,-0.0002239171863155356
hold,CSCO,2017-01-05,2017-01-12,-0.004309138254335543,-0.005309138254335543,0.017385986892317806,0.005962081518269908,0.0066430830254573525,-0.011952221279792896
within,CSCO,2017-01-05,2017-01-12,-0.004309138254335543,-0.005309138254335543,0.017385986892317806,0.005962081518269908,0.0066430830254573525,-0.011952221279792896
hold,CSCO,2017-04-20,2017-04-27,0.02802317614034333,0.02702317614034333,0.03301159689362875,0.0006121457254227681,0.02750358910853934,-0.000480412968196009
within,CSCO,2017-04-20,2017-04-27,0.02802317614034333,0.02702317614034333,0.03301159689362875,0.0006121457254227681,0.02750358910853934,-0.000480412968196009
hold,CSCO,2017-06-01,2017-06-08,-0.006599408370663418,-0.007599408370663418,0.08706440698327664,0.00474609729712129,0.011062722252171975,-0.018662130622835393
within,CSCO,2017-06-01,2017-06-08,-0.006599408370663418,-0.007599408370663418,0.08706440698327664,0.00474609729712129,0.011062722252171975,-0.018662130622835393
hold,CSCO,2017-08-04,2017-08-11,-0.010377324071556338,-0.011377324071556338,0.021079539390236608,0.004115929498371931,-0.011899892105816545,0.0005225680342602068
within,CSCO,2017-08-04,2017-08-11,-0.010377324071556338,-0.011377324071556338,0.021079539390236608,0.004115929498371931,-0.011899892105816545,0.0005225680342602068
hold,CSCO,2017-11-03,2017-11-10,-0.013925181100582384,-0.014925181100582385,0.01573899414071543,0.011913408646011477,0.004389795212607961,-0.019314976313190346
within,CSCO,2017-11-03,2017-11-10,-0.013925181100582384,-0.014925181100582385,0.01573899414071543,0.011913408646011477,0.004389795212607961,-0.019314976313190346
hold,CSCO,2018-09-18,2018-09-25,0.021281063557304414,0.020281063557304413,0.018593686470164277,0.006136899747195576,-0.0017781970086730992,0.022059260565977512
within,CSCO,2018-09-18,2018-09-25,0.021281063557304414,0.020281063557304413,0.018593686470164277,0.006136899747195576,-0.0017781970086730992,0.022059260565977512
hold,CSCO,2019-03-28,2019-04-04,0.03990125713069004,0.03890125713069004,0.022688037913037053,0.00169225215700089,0.021071778267084174,0.017829478863605863
within,CSCO,2019-03-28,2019-04-04,0.03990125713069004,0.03890125713069004,0.022688037913037053,0.00169225215700089,0.021071778267084174,0.017829478863605863
hold,CSCO,2019-08-28,2019-09-05,0.033070239288050196,0.032070239288050195,0.12317988596271474,0.006603346048973004,0.04063939307075182,-0.008569153782701622
within,CSCO,2019-08-28,2019-09-05,0.033070239288050196,0.032070239288050195,0.12317988596271474,0.006603346048973004,0.04063939307075182,-0.008569153782701622
hold,CSCO,2020-05-07,2020-05-14,0.05994692485410291,0.05894692485410291,0.057457018802575754,0.007505273803284786,0.01865191377772879,0.04029501107637412
within,CSCO,2020-05-07,2020-05-14,0.05994692485410291,0.05894692485410291,0.057457018802575754,0.007505273803284786,0.01865191377772879,0.04029501107637412
within,CSCO,2020-07-29,2020-08-05,0.013273216645011576,0.012273216645011575,0.021533641996276186,0.01947200748618653,0.008365427537088355,0.003907789107923221
hold,CSCO,2021-10-05,2021-10-12,-0.00749688655589742,-0.00849688655589742,0.051908789168835005,0.009908524135725726,0.002584760994058577,-0.011081647549955997
within,CSCO,2021-10-05,2021-10-12,-0.00749688655589742,-0.00849688655589742,0.051908789168835005,0.009908524135725726,0.002584760994058577,-0.011081647549955997
hold,CSCO,2021-12-01,2021-12-08,0.03616196019839668,0.03516196019839668,0.046461885203885084,0.016636746623470464,0.0314568060557221,0.0037051541426745827
within,CSCO,2021-12-01,2021-12-08,0.03616196019839668,0.03516196019839668,0.046461885203885084,0.016636746623470464,0.0314568060557221,0.0037051541426745827
hold,CSCO,2022-06-06,2022-06-13,-0.0461062484071566,-0.0471062484071566,0.11617873285852369,0.011863197770918,-0.10236744525479258,0.055261196847635974
within,CSCO,2022-06-06,2022-06-13,-0.0461062484071566,-0.0471062484071566,0.11617873285852369,0.011863197770918,-0.10236744525479258,0.055261196847635974
hold,CSCO,2022-08-08,2022-08-15,0.03487330513166387,0.03387330513166387,0.015463246048846361,0.015432470036652088,0.040205303705241,-0.006331998573577136
within,CSCO,2022-08-08,2022-08-15,0.03487330513166387,0.03387330513166387,0.015463246048846361,0.015432470036652088,0.040205303705241,-0.006331998573577136
within,CSCO,2022-09-07,2022-09-14,-0.023545088335520825,-0.024545088335520826,0.0989221882619143,0.01827142941692865,-0.0210855098455901,-0.003459578489930726
hold,CSCO,2023-04-18,2023-04-25,-0.06400315687648506,-0.06500315687648506,0.035483482368827604,0.010288980113862247,-0.02446507301710077,-0.04053808385938429
within,CSCO,2023-04-18,2023-04-25,-0.06400315687648506,-0.06500315687648506,0.035483482368827604,0.010288980113862247,-0.02446507301710077,-0.04053808385938429
within,CSCO,2023-07-17,2023-07-24,0.04526658846483733,0.04426658846483733,0.026834225127184922,0.022570009443583,0.010904006208970918,0.03336258225586641
hold,CSCO,2023-11-22,2023-11-30,0.0062395752361965595,0.0052395752361965595,0.10956019030790005,0.009784758599120666,0.008296301913665038,-0.003056726677468479
within,CSCO,2023-11-22,2023-11-30,0.0062395752361965595,0.0052395752361965595,0.10956019030790005,0.009784758599120666,0.008296301913665038,-0.003056726677468479
hold,CSCO,2024-02-09,2024-02-16,-0.03371249579171942,-0.03471249579171942,0.05539535870878332,0.004210515022777166,0.004291483385106654,-0.039003979176826076
within,CSCO,2024-02-09,2024-02-16,-0.03371249579171942,-0.03471249579171942,0.05539535870878332,0.004210515022777166,0.004291483385106654,-0.039003979176826076
hold,CSCO,2024-03-20,2024-03-27,0.004439909635475692,0.0034399096354756917,0.026022773078336225,0.0026419196958899884,0.0037563005775289593,-0.0003163909420532676
within,CSCO,2024-03-20,2024-03-27,0.004439909635475692,0.0034399096354756917,0.026022773078336225,0.0026419196958899884,0.0037563005775289593,-0.0003163909420532676
hold,CSCO,2024-04-12,2024-04-19,-0.0035059525057637986,-0.004505952505763799,0.031195881526965074,0.006405411799116307,-0.028198505860057566,0.023692553354293766
within,CSCO,2024-04-12,2024-04-19,-0.0035059525057637986,-0.004505952505763799,0.031195881526965074,0.006405411799116307,-0.028198505860057566,0.023692553354293766
hold,CSCO,2024-04-23,2024-04-30,-0.027731887374387254,-0.028731887374387255,0.04540642971598938,0.0037320733638698898,-0.0019438015891225513,-0.026788085785264704
within,CSCO,2024-04-23,2024-04-30,-0.027731887374387254,-0.028731887374387255,0.04540642971598938,0.0037320733638698898,-0.0019438015891225513,-0.026788085785264704
hold,CSCO,2024-05-07,2024-05-14,0.035321445593129,0.034321445593128996,0.03279677411003608,0.00021220584457524303,0.019352273610993675,0.01496917198213532
within,CSCO,2024-05-07,2024-05-14,0.035321445593129,0.034321445593128996,0.03279677411003608,0.00021220584457524303,0.019352273610993675,0.01496917198213532
hold,CSCO,2025-03-07,2025-03-14,-0.05380042564189946,-0.054800425641899464,0.02466945597520285,0.008636263954149946,-0.012280833082920384,-0.04251959255897908
within,CSCO,2025-03-07,2025-03-14,-0.05380042564189946,-0.054800425641899464,0.02466945597520285,0.008636263954149946,-0.012280833082920384,-0.04251959255897908
hold,CSCO,2026-08-25,2026-09-01,-0.012330147952986259,-0.01333014795298626,0.1225672368748459,0.00732138257439184,-0.0015611609987480346,-0.011768986954238225
within,CSCO,2026-08-25,2026-09-01,-0.012330147952986259,-0.01333014795298626,0.1225672368748459,0.00732138257439184,-0.0015611609987480346,-0.011768986954238225
within,PFE,2016-09-15,2016-09-22,0.00029281781074308455,-0.0007071821892569155,0.029188883838353937,0.02070340083052905,0.015007048202247963,-0.01571423039150488
hold,PFE,2016-12-02,2016-12-09,0.0022131345625859833,0.0012131345625859833,0.06667103690967298,0.004744334946910677,0.028257590379731745,-0.027044455817145763
within,PFE,2016-12-02,2016-12-09,0.0022131345625859833,0.0012131345625859833,0.06667103690967298,0.004744334946910677,0.028257590379731745,-0.027044455817145763
hold,PFE,2017-03-16,2017-03-23,-0.004066130441414129,-0.005066130441414129,0.017828813699179737,0.0,-0.009051135738088578,0.0039850052966744496
within,PFE,2017-03-16,2017-03-23,-0.004066130441414129,-0.005066130441414129,0.017828813699179737,0.0,-0.009051135738088578,0.0039850052966744496
hold,PFE,2017-03-30,2017-04-06,-0.006986718855177765,-0.007986718855177766,0.018359828816157556,0.0005852179104544859,-0.011331117355779963,0.003344398500602197
within,PFE,2017-03-30,2017-04-06,-0.006986718855177765,-0.007986718855177766,0.018359828816157556,0.0005852179104544859,-0.011331117355779963,0.003344398500602197
hold,PFE,2018-03-07,2018-03-14,0.011689639659424822,0.010689639659424821,0.040159327385399055,0.006666557132141235,0.01809526836186426,-0.007405628702439437
within,PFE,2018-03-07,2018-03-14,0.011689639659424822,0.010689639659424821,0.040159327385399055,0.006666557132141235,0.01809526836186426,-0.007405628702439437
hold,PFE,2018-10-30,2018-11-06,0.002798031250248023,0.001798031250248023,0.048027761602602505,0.018835810916053793,0.026548683402809248,-0.024750652152561226
within,PFE,2018-10-30,2018-11-06,0.002798031250248023,0.001798031250248023,0.048027761602602505,0.018835810916053793,0.026548683402809248,-0.024750652152561226
hold,PFE,2018-12-12,2018-12-19,-0.04959221566427929,-0.050592215664279294,0.051259221142896695,0.008822655107610477,-0.05709711930085348,0.006504903636574189
within,PFE,2018-12-12,2018-12-19,-0.04959221566427929,-0.050592215664279294,0.051259221142896695,0.008822655107610477,-0.05709711930085348,0.006504903636574189
hold,PFE,2019-01-15,2019-01-23,-0.013339885049150846,-0.014339885049150847,0.031179614428873972,0.011965093405418915,0.0021365151238128544,-0.0164764001729637
within,PFE,2019-01-15,2019-01-23,-0.013339885049150846,-0.014339885049150847,0.031179614428873972,0.011965093405418915,0.0021365151238128544,-0.0164764001729637
within,PFE,2019-02-12,2019-02-20,0.007881739768461182,0.006881739768461182,0.02790426459042481,0.013109209923009001,0.01360291492322907,-0.006721175154767888
within,PFE,2019-08-26,2019-09-03,0.03673964071435232,0.035739640714352316,0.06542308532999722,0.021320196230526965,0.006186611729810609,0.029553028984541707
hold,PFE,2020-03-19,2020-03-26,0.043721158734302934,0.04272115873430293,0.19270517414039576,0.0805014539916702,0.08695630352026118,-0.04423514478595825
within,PFE,2020-03-19,2020-03-26,0.043721158734302934,0.04272115873430293,0.19270517414039576,0.0805014539916702,0.08695630352026118,-0.04423514478595825
hold,PFE,2020-06-16,2020-06-23,-0.01886227095855042,-0.01986227095855042,0.137016413788749,0.011622808511690189,0.0031116822175838443,-0.022973953176134265
within,PFE,2020-06-16,2020-06-23,-0.01886227095855042,-0.01986227095855042,0.137016413788749,0.011622808511690189,0.0031116822175838443,-0.022973953176134265
hold,PFE,2020-08-17,2020-08-24,0.01277709543426897,0.01177709543426897,0.028435201090912708,0.007068821015896397,-0.0005630694282234838,0.012340164862492453
within,PFE,2020-08-17,2020-08-24,0.01277709543426897,0.01177709543426897,0.028435201090912708,0.007068821015896397,-0.0005630694282234838,0.012340164862492453
hold,PFE,2020-12-29,2021-01-06,-0.004858516100570975,-0.005858516100570975,0.1470489117331078,0.016698509191898137,0.00905813087696572,-0.014916646977536696
within,PFE,2020-12-29,2021-01-06,-0.004858516100570975,-0.005858516100570975,0.1470489117331078,0.016698509191898137,0.00905813087696572,-0.014916646977536696
hold,PFE,2021-01-07,2021-01-14,-0.008364932447073037,-0.009364932447073038,0.05223175263520594,0.0,0.009061112736701293,-0.01842604518377433
within,PFE,2021-01-07,2021-01-14,-0.008364932447073037,-0.009364932447073038,0.05223175263520594,0.0,0.009061112736701293,-0.01842604518377433
hold,PFE,2021-02-17,2021-02-24,-0.03267398392193488,-0.03367398392193488,0.0418089824755926,0.0008647228830726062,-0.015199059666409886,-0.018474924255524994
within,PFE,2021-02-17,2021-02-24,-0.03267398392193488,-0.03367398392193488,0.0418089824755926,0.0008647228830726062,-0.015199059666409886,-0.018474924255524994
hold,PFE,2021-06-24,2021-07-01,0.009441483558777053,0.008441483558777052,0.047058647860950764,0.014238896768461556,0.015449177943510639,-0.007007694384733587
within,PFE,2021-06-24,2021-07-01,0.009441483558777053,0.008441483558777052,0.047058647860950764,0.014238896768461556,0.015449177943510639,-0.007007694384733587
within,PFE,2021-12-27,2022-01-03,-0.04307422992325094,-0.04407422992325094,0.038274188191652514,0.01420635923521634,-0.008263883144511652,-0.03581034677873929
hold,PFE,2022-05-09,2022-05-16,0.05023039728137535,0.04923039728137535,0.0699024690775309,0.02466719193498592,0.008937007603017966,0.04029338967835738
within,PFE,2022-05-09,2022-05-16,0.05023039728137535,0.04923039728137535,0.0699024690775309,0.02466719193498592,0.008937007603017966,0.04029338967835738
hold,PFE,2022-07-21,2022-07-28,-0.00012590343064555753,-0.0011259034306455576,0.05127363067502346,0.010764182045798196,0.013387178027822522,-0.01451308145846808
within,PFE,2022-07-21,2022-07-28,-0.00012590343064555753,-0.0011259034306455576,0.05127363067502346,0.010764182045798196,0.013387178027822522,-0.01451308145846808
within,PFE,2022-09-27,2022-10-04,0.008391616177791494,0.007391616177791494,0.08549215118367863,0.016742401598035257,0.03650748214326871,-0.029115865965477217
hold,PFE,2024-10-30,2024-11-06,-0.04067322896821979,-0.04167322896821979,0.041988193536505534,0.013957190192673743,0.03182961377811422,-0.07350284274633401
within,PFE,2024-10-30,2024-11-06,-0.04067322896821979,-0.04167322896821979,0.041988193536505534,0.013957190192673743,0.03182961377811422,-0.07350284274633401
hold,PFE,2024-11-21,2024-11-29,0.04297651312745887,0.04197651312745887,0.10915703217369936,0.006395031506674697,0.01245648705266822,0.02952002607479065
within,PFE,2024-11-21,2024-11-29,0.04297651312745887,0.04197651312745887,0.10915703217369936,0.006395031506674697,0.01245648705266822,0.02952002607479065
within,PFE,2025-02-10,2025-02-18,-0.011982944837361731,-0.012982944837361732,0.039414131333598335,0.026831788377985027,-0.0004177949587531593,-0.012565149878608572
hold,PFE,2025-09-09,2025-09-16,-0.03278018087702039,-0.033780180877020394,0.05316595970901173,0.013352387765797603,0.004982138511143486,-0.03876231938816388
within,PFE,2025-09-09,2025-09-16,-0.03278018087702039,-0.033780180877020394,0.05316595970901173,0.013352387765797603,0.004982138511143486,-0.03876231938816388
hold,PFE,2025-09-19,2025-09-26,-0.011235817624687061,-0.012235817624687062,0.045453036379766575,0.002924591468413749,0.014760501521897451,-0.026996319146584513
within,PFE,2025-09-19,2025-09-26,-0.011235817624687061,-0.012235817624687062,0.045453036379766575,0.002924591468413749,0.014760501521897451,-0.026996319146584513
hold,PFE,2026-03-09,2026-03-16,-0.007459881640851651,-0.008459881640851652,0.039466680105418254,0.0003757972950650832,-0.002667510475196422,-0.00579237116565523
within,PFE,2026-03-09,2026-03-16,-0.007459881640851651,-0.008459881640851652,0.039466680105418254,0.0003757972950650832,-0.002667510475196422,-0.00579237116565523
within,PFE,2026-04-13,2026-04-20,0.006583820285460007,0.005583820285460007,0.05212318310137398,0.0202249554750819,0.02589266673668411,-0.020308846451224105
hold,PFE,2026-04-15,2026-04-22,-0.014343470591252738,-0.01534347059125274,0.05878739431232301,0.0084481321995277,0.026113049054577342,-0.04145651964583008
hold,PFE,2026-05-05,2026-05-12,-0.0057833288930907445,-0.0067833288930907445,0.04831854750478072,0.015094731853880146,0.0165766095327593,-0.023359938425850046
within,PFE,2026-05-05,2026-05-12,-0.0057833288930907445,-0.0067833288930907445,0.04831854750478072,0.015094731853880146,0.0165766095327593,-0.023359938425850046
within,PFE,2026-07-07,2026-07-14,0.007478245963904007,0.006478245963904007,0.08659256851443245,0.024980539487242253,0.01503732976309613,-0.008559083799192124
hold,PFE,2026-07-23,2026-07-30,0.013425546164782087,0.012425546164782086,0.01563465201605622,0.004823171197774239,-0.0027103864486486273,0.015135932613430714
within,PFE,2026-07-23,2026-07-30,0.013425546164782087,0.012425546164782086,0.01563465201605622,0.004823171197774239,-0.0027103864486486273,0.015135932613430714
hold,PFE,2026-08-27,2026-09-03,0.02819411118031656,0.02719411118031656,0.016063127821259775,0.0035688968373245892,-0.003924479390558289,0.03111859057087485
within,PFE,2026-08-27,2026-09-03,0.02819411118031656,0.02719411118031656,0.016063127821259775,0.0035688968373245892,-0.003924479390558289,0.03111859057087485
within,UNP,2016-09-14,2016-09-21,0.024913755622104405,0.023913755622104405,0.041304989868369654,0.014711679356334328,0.02956682387995757,-0.005653068257853167
hold,UNP,2016-12-19,2016-12-27,0.022340465284898414,0.021340465284898413,0.03356742005083333,0.013174053576054735,0.015921396534124943,0.00541906875077347
within,UNP,2016-12-19,2016-12-27,0.022340465284898414,0.021340465284898413,0.03356742005083333,0.013174053576054735,0.015921396534124943,0.00541906875077347
hold,UNP,2017-01-10,2017-01-18,0.0033843751301683156,0.0023843751301683156,0.03445302918486144,0.007490108664001979,-0.001664276540511489,0.0040486516706798046
within,UNP,2017-01-10,2017-01-18,0.0033843751301683156,0.0023843751301683156,0.03445302918486144,0.007490108664001979,-0.001664276540511489,0.0040486516706798046
hold,UNP,2017-02-06,2017-02-13,0.005849887252491692,0.004849887252491692,0.035395108851853596,0.0037207241869805243,0.0045818120651057725,0.0002680751873859197
within,UNP,2017-02-06,2017-02-13,0.005849887252491692,0.004849887252491692,0.035395108851853596,0.0037207241869805243,0.0045818120651057725,0.0002680751873859197
hold,UNP,2017-05-22,2017-05-30,0.0333352178897075,0.0323352178897075,0.043341633669525995,0.0008403631238447325,0.022568384620103243,0.009766833269604258
within,UNP,2017-05-22,2017-05-30,0.0333352178897075,0.0323352178897075,0.043341633669525995,0.0008403631238447325,0.022568384620103243,0.009766833269604258
hold,UNP,2017-06-12,2017-06-19,0.01543675072454409,0.01443675072454409,0.02034968004481005,0.0008196860552735388,0.014033206158815537,0.000403544565728553
within,UNP,2017-06-12,2017-06-19,0.01543675072454409,0.01443675072454409,0.02034968004481005,0.0008196860552735388,0.014033206158815537,0.000403544565728553
hold,UNP,2017-06-30,2017-07-10,-0.0037646210367263677,-0.004764621036726368,0.040885604460987546,0.008123475146702312,0.012504358396544957,-0.017268979433271325
within,UNP,2017-06-30,2017-07-10,-0.0037646210367263677,-0.004764621036726368,0.040885604460987546,0.008123475146702312,0.012504358396544957,-0.017268979433271325
hold,UNP,2017-08-02,2017-08-09,0.014072269112542335,0.013072269112542334,0.07712555224915532,0.012860686516241683,0.014623952662015771,-0.0015516835494734371
within,UNP,2017-08-02,2017-08-09,0.014072269112542335,0.013072269112542334,0.07712555224915532,0.012860686516241683,0.014623952662015771,-0.0015516835494734371
within,UNP,2018-04-30,2018-05-07,0.009503961152558693,0.008503961152558692,0.04511591419676832,0.028931628348021057,0.016029170771056256,-0.007525209618497564
hold,UNP,2019-03-14,2019-03-21,-0.015499279100763985,-0.016499279100763986,0.02980078997826735,0.004660668521506982,0.026950345712207335,-0.04344962481297132
within,UNP,2019-03-14,2019-03-21,-0.015499279100763985,-0.016499279100763986,0.02980078997826735,0.004660668521506982,0.026950345712207335,-0.04344962481297132
within,UNP,2019-03-25,2019-04-01,0.05832846046469342,0.05732846046469342,0.03712471800518532,0.012313244760303266,0.027510261169622963,0.029818199295070458
hold,UNP,2019-06-12,2019-06-19,-0.030952531047090726,-0.031952531047090726,0.016743067253738222,0.008037142636746661,0.014799288772610941,-0.04675181981970167
within,UNP,2019-06-12,2019-06-19,-0.030952531047090726,-0.031952531047090726,0.016743067253738222,0.008037142636746661,0.014799288772610941,-0.04675181981970167
hold,UNP,2019-08-09,2019-08-16,-0.010475296494276809,-0.01147529649427681,0.0756438227161084,0.008411837637541119,-0.011599073246435387,0.00012377675215857753
within,UNP,2019-08-09,2019-08-16,-0.010475296494276809,-0.01147529649427681,0.0756438227161084,0.008411837637541119,-0.011599073246435387,0.00012377675215857753
within,UNP,2020-05-07,2020-05-14,-0.024197030014915466,-0.025197030014915467,0.05179353101998559,0.013389751701674486,0.01865191377772879,-0.04384894379264426
hold,UNP,2020-09-24,2020-10-01,-0.0073594661660609795,-0.00835946616606098,0.04223951276960088,0.015320465742597988,0.042090191364300145,-0.050449657530361125
within,UNP,2020-09-24,2020-10-01,-0.0073594661660609795,-0.00835946616606098,0.04223951276960088,0.015320465742597988,0.042090191364300145,-0.050449657530361125
hold,UNP,2021-05-26,2021-06-03,0.009740320268330827,0.008740320268330826,0.03530248297849472,0.0072725836624491684,0.0055039631260729305,0.003236357142257895
within,UNP,2021-05-26,2021-06-03,0.009740320268330827,0.008740320268330826,0.03530248297849472,0.0072725836624491684,0.0055039631260729305,0.003236357142257895
hold,UNP,2021-07-14,2021-07-21,-0.012997042485924704,-0.013997042485924704,0.04482616744176542,0.011386763849587122,-0.00034927985627142277,-0.013647762629653282
within,UNP,2021-07-14,2021-07-21,-0.012997042485924704,-0.013997042485924704,0.04482616744176542,0.011386763849587122,-0.00034927985627142277,-0.013647762629653282
hold,UNP,2021-08-04,2021-08-11,0.040299762080193036,0.039299762080193035,0.016623201642499478,0.005684314634581819,0.006965502055084061,0.032334260025108974
within,UNP,2021-08-04,2021-08-11,0.040299762080193036,0.039299762080193035,0.016623201642499478,0.005684314634581819,0.006965502055084061,0.032334260025108974
within,UNP,2022-07-11,2022-07-18,0.0016677905456987663,0.0006677905456987663,0.028485897098321666,0.013875729287497482,-0.006918096635360249,0.007585887181059015
hold,UNP,2023-01-03,2023-01-10,0.022641775602368464,0.021641775602368463,0.04635430727435827,0.010329598889798099,0.029698046135296696,-0.008056270532928234
within,UNP,2023-01-03,2023-01-10,0.022641775602368464,0.021641775602368463,0.04635430727435827,0.010329598889798099,0.029698046135296696,-0.008056270532928234
within,UNP,2023-06-27,2023-07-05,0.00458169588341284,0.0035816958834128396,0.02229394286041144,0.01863559518771094,0.015578605252499766,-0.011996909369086928
hold,UNP,2023-09-13,2023-09-20,0.004006914005348694,0.003006914005348694,0.05840060804642628,0.0008974403457076335,-0.020984892808349254,0.023991806813697947
within,UNP,2023-09-13,2023-09-20,0.004006914005348694,0.003006914005348694,0.05840060804642628,0.0008974403457076335,-0.020984892808349254,0.023991806813697947
hold,UNP,2024-02-20,2024-02-27,0.024884636717165565,0.023884636717165564,0.017195939443947945,0.015931310575950174,0.030772829523997514,-0.00688819280683195
within,UNP,2024-02-20,2024-02-27,0.024884636717165565,0.023884636717165564,0.017195939443947945,0.015931310575950174,0.030772829523997514,-0.00688819280683195
within,UNP,2024-09-27,2024-10-04,-0.021947344660635526,-0.022947344660635527,0.038392792002874966,0.023284782053874655,0.00044746288488184405,-0.02339480754551737
within,UNP,2025-04-22,2025-04-29,-0.010880597898402455,-0.011880597898402456,0.09614920972654573,0.019298850788088524,0.05465332542804946,-0.06653392332645192
hold,UNP,2025-05-29,2025-06-05,-0.002351121177443294,-0.003351121177443294,0.04106145251569475,0.009719486652853517,0.006249361669015796,-0.00960048284645909
within,UNP,2025-05-29,2025-06-05,-0.002351121177443294,-0.003351121177443294,0.04106145251569475,0.009719486652853517,0.006249361669015796,-0.00960048284645909
hold,UNP,2025-09-17,2025-09-24,0.06073586722648039,0.05973586722648039,0.039505213183758756,0.0011567510531022727,0.01950970242797112,0.04022616479850927
within,UNP,2025-09-17,2025-09-24,0.06073586722648039,0.05973586722648039,0.039505213183758756,0.0011567510531022727,0.01950970242797112,0.04022616479850927
within,UNP,2026-05-07,2026-05-14,0.016799326505154255,0.015799326505154254,0.024178546609538228,0.022782572248322926,0.04846751864769816,-0.032668192142543906
hold,UNP,2026-06-16,2026-06-24,-0.028005277807073403,-0.029005277807073404,0.040065818077991075,0.019925788849584514,-0.019353903680439877,-0.009651374126633527
within,UNP,2026-06-16,2026-06-24,-0.028005277807073403,-0.029005277807073404,0.040065818077991075,0.019925788849584514,-0.019353903680439877,-0.009651374126633527
hold,UNP,2026-08-07,2026-08-14,0.0018762848534894516,0.0008762848534894516,0.05987252249562461,0.0030855785439665513,-0.010303664021703685,0.011179948875193135
within,UNP,2026-08-07,2026-08-14,0.0018762848534894516,0.0008762848534894516,0.05987252249562461,0.0030855785439665513,-0.010303664021703685,0.011179948875193135
hold,MO,2016-09-15,2016-09-22,0.013755109742280336,0.012755109742280335,0.05568898270662651,0.014782475958332847,0.015007048202247963,-0.0022519384599676284
within,MO,2016-09-15,2016-09-22,0.013755109742280336,0.012755109742280335,0.05568898270662651,0.014782475958332847,0.015007048202247963,-0.0022519384599676284
within,MO,2016-09-30,2016-10-07,-0.020718081759298346,-0.021718081759298347,0.017145549079494605,0.01500930122580185,-0.016921192122196227,-0.00479688963710212
within,MO,2018-01-31,2018-02-07,-0.05046880337599091,-0.05146880337599091,0.023327402376053415,0.017040914373858913,-0.044078825931038956,-0.007389977444951956
hold,MO,2018-04-13,2018-04-20,-0.1050823379985395,-0.1060823379985395,0.02019003117172556,0.012850927105656223,-0.012660593936111741,-0.09342174406242776
within,MO,2018-04-13,2018-04-20,-0.1050823379985395,-0.1060823379985395,0.02019003117172556,0.012850927105656223,-0.012660593936111741,-0.09342174406242776
within,MO,2018-07-03,2018-07-11,0.039496957300703794,0.038496957300703794,0.03164241735850769,0.025098293435974167,0.022859877804429773,0.01563707949627402
hold,MO,2018-08-14,2018-08-21,0.012160102637421177,0.011160102637421176,0.026933241181845726,0.0040608176695213355,0.0020229098211581586,0.009137192816263018
within,MO,2018-08-14,2018-08-21,0.012160102637421177,0.011160102637421176,0.026933241181845726,0.0040608176695213355,0.0020229098211581586,0.009137192816263018
hold,MO,2018-09-04,2018-09-11,0.006090246815518396,0.005090246815518396,0.04321549173956145,0.002730449952676965,-0.005597827764620922,0.010688074580139317
within,MO,2018-09-04,2018-09-11,0.006090246815518396,0.005090246815518396,0.04321549173956145,0.002730449952676965,-0.005597827764620922,0.010688074580139317
hold,MO,2019-01-11,2019-01-18,-0.012065519910904432,-0.013065519910904433,0.030684485105747807,0.016240628276081463,0.02287593104111152,-0.03594145095201595
within,MO,2019-01-11,2019-01-18,-0.012065519910904432,-0.013065519910904433,0.030684485105747807,0.016240628276081463,0.02287593104111152,-0.03594145095201595
hold,MO,2020-05-15,2020-05-22,0.031155741370327616,0.030155741370327616,0.12073525032521934,0.002755129063280869,0.028039440193680543,0.002116301176647073
within,MO,2020-05-15,2020-05-22,0.031155741370327616,0.030155741370327616,0.12073525032521934,0.002755129063280869,0.028039440193680543,0.002116301176647073
hold,MO,2020-09-04,2020-09-14,0.00863227579297865,0.00763227579297865,0.021111865605272014,0.010798618453009185,-0.0032357145635357742,0.010867990356514423
within,MO,2020-09-04,2020-09-14,0.00863227579297865,0.00763227579297865,0.021111865605272014,0.010798618453009185,-0.0032357145635357742,0.010867990356514423
hold,MO,2020-12-03,2020-12-10,0.0625926912296888,0.0615926912296888,0.04059076063079463,0.011675768603111897,0.006061181129219495,0.055531510100469306
within,MO,2020-12-03,2020-12-10,0.0625926912296888,0.0615926912296888,0.04059076063079463,0.011675768603111897,0.006061181129219495,0.055531510100469306
hold,MO,2023-08-23,2023-08-30,0.03246744444391725,0.03146744444391725,0.03983514377604762,0.004203483044416917,0.01785583021451198,0.013611614229405267
within,MO,2023-08-23,2023-08-30,0.03246744444391725,0.03146744444391725,0.03983514377604762,0.004203483044416917,0.01785583021451198,0.013611614229405267
hold,MO,2023-12-15,2023-12-22,-0.01044338750735041,-0.011443387507350411,0.030991798531168808,0.0007247524454063192,0.004816558598349285,-0.016259946105699696
within,MO,2023-12-15,2023-12-22,-0.01044338750735041,-0.011443387507350411,0.030991798531168808,0.0007247524454063192,0.004816558598349285,-0.016259946105699696
hold,MO,2024-01-29,2024-02-05,-0.0002467826671521678,-0.0012467826671521678,0.047202690380138246,0.00024854604454988536,0.003336261166946075,-0.004583043834098243
within,MO,2024-01-29,2024-02-05,-0.0002467826671521678,-0.0012467826671521678,0.047202690380138246,0.00024854604454988536,0.003336261166946075,-0.004583043834098243
hold,MO,2024-02-14,2024-02-22,0.012376420412816058,0.011376420412816057,0.039853769512855124,0.007922846582844869,0.025000609337796575,-0.013624188924980518
within,MO,2024-02-14,2024-02-22,0.012376420412816058,0.011376420412816057,0.039853769512855124,0.007922846582844869,0.025000609337796575,-0.013624188924980518
hold,MO,2024-10-11,2024-10-18,-0.0046147126546419726,-0.005614712654641973,0.032561930373834765,0.011009882560448105,0.0026659355491736036,-0.008280648203815577
within,MO,2024-10-11,2024-10-18,-0.0046147126546419726,-0.005614712654641973,0.032561930373834765,0.011009882560448105,0.0026659355491736036,-0.008280648203815577
hold,MO,2024-11-12,2024-11-19,0.026083834653814364,0.025083834653814363,0.017037570417275386,0.002222626086775489,-0.01405519844154901,0.039139033095363374
within,MO,2024-11-12,2024-11-19,0.026083834653814364,0.025083834653814363,0.017037570417275386,0.002222626086775489,-0.01405519844154901,0.039139033095363374
hold,MO,2025-07-14,2025-07-21,0.013590225062072303,0.012590225062072302,0.042379187881013754,0.012892332403089849,-0.0016380341739047344,0.014228259235977037
within,MO,2025-07-14,2025-07-21,0.013590225062072303,0.012590225062072302,0.042379187881013754,0.012892332403089849,-0.0016380341739047344,0.014228259235977037
within,MO,2025-10-22,2025-10-29,-0.038181000460492664,-0.039181000460492665,0.03651769911793357,0.020187056570047563,0.0067526953338366,-0.045933695794329266
hold,MO,2026-06-12,2026-06-22,-0.019328463142985308,-0.02032846314298531,0.03595679711063623,0.023800736032725346,-0.006019666230389853,-0.014308796912595456
within,MO,2026-06-12,2026-06-22,-0.019328463142985308,-0.02032846314298531,0.03595679711063623,0.023800736032725346,-0.006019666230389853,-0.014308796912595456
hold,AEP,2016-09-14,2016-09-21,0.03389570205826575,0.03289570205826575,0.04090377708656216,0.01400565901473455,0.02956682387995757,0.003328878178308181
within,AEP,2016-09-14,2016-09-21,0.03389570205826575,0.03289570205826575,0.04090377708656216,0.01400565901473455,0.02956682387995757,0.003328878178308181
hold,AEP,2017-12-11,2017-12-18,-0.020497984326106944,-0.021497984326106945,0.01767411552533434,0.0015648355988288052,0.019638308877831134,-0.04113629320393808
within,AEP,2017-12-11,2017-12-18,-0.020497984326106944,-0.021497984326106945,0.01767411552533434,0.0015648355988288052,0.019638308877831134,-0.04113629320393808
within,AEP,2018-03-08,2018-03-15,0.025880576588171333,0.024880576588171333,0.033047127503537624,0.02389556778497425,0.012522351888012206,0.012358224700159126
hold,AEP,2019-01-09,2019-01-16,0.03202926519403415,0.03102926519403415,0.06452172863921665,0.005598712452034698,0.004661808279064594,0.026367456914969556
within,AEP,2019-01-09,2019-01-16,0.03202926519403415,0.03102926519403415,0.06452172863921665,0.005598712452034698,0.004661808279064594,0.026367456914969556
hold,AEP,2019-04-09,2019-04-16,-0.006222474257941424,-0.007222474257941424,0.03986311028808005,0.005038635761796158,0.015806174000979833,-0.023028648258921258
within,AEP,2019-04-09,2019-04-16,-0.006222474257941424,-0.007222474257941424,0.03986311028808005,0.005038635761796158,0.015806174000979833,-0.023028648258921258
hold,AEP,2019-09-13,2019-09-20,0.01791556974503683,0.01691556974503683,0.021288779927036885,0.003178613776210855,-0.003991716505824527,0.020907286250861357
within,AEP,2019-09-13,2019-09-20,0.01791556974503683,0.01691556974503683,0.021288779927036885,0.003178613776210855,-0.003991716505824527,0.020907286250861357
hold,AEP,2020-01-10,2020-01-17,0.044731981573893576,0.043731981573893575,0.016360512119389645,0.0029930731015678576,0.02898873221764231,0.014743249356251265
within,AEP,2020-01-10,2020-01-17,0.044731981573893576,0.043731981573893575,0.016360512119389645,0.0029930731015678576,0.02898873221764231,0.014743249356251265
hold,AEP,2020-04-16,2020-04-23,-0.012254774132805624,-0.013254774132805625,0.03309878378131033,0.03108714370078303,-0.00185595366333835,-0.011398820469467275
within,AEP,2020-04-16,2020-04-23,-0.012254774132805624,-0.013254774132805625,0.03309878378131033,0.03108714370078303,-0.00185595366333835,-0.011398820469467275
hold,AEP,2020-04-24,2020-05-01,-0.022107706027222895,-0.023107706027222896,0.046321710658528234,0.023569822627598228,-0.011045114722470162,-0.012062591304752734
within,AEP,2020-04-24,2020-05-01,-0.022107706027222895,-0.023107706027222896,0.046321710658528234,0.023569822627598228,-0.011045114722470162,-0.012062591304752734
within,AEP,2020-09-11,2020-09-18,-0.0046744316581281975,-0.0056744316581281975,0.02253503040059184,0.01754743652821317,0.0019801843539752895,-0.007654616012103487
hold,AEP,2020-11-05,2020-11-12,-0.0036866726211793877,-0.004686672621179388,0.039892074540117346,0.011908768426854581,0.010795103024596298,-0.015481775645775686
within,AEP,2020-11-05,2020-11-12,-0.0036866726211793877,-0.004686672621179388,0.039892074540117346,0.011908768426854581,0.010795103024596298,-0.015481775645775686
hold,AEP,2020-12-18,2020-12-28,-0.024132663481701844,-0.025132663481701845,0.04355800648564851,0.01747300002640376,-0.014975162683127041,-0.010157500798574803
within,AEP,2020-12-18,2020-12-28,-0.024132663481701844,-0.025132663481701845,0.04355800648564851,0.01747300002640376,-0.014975162683127041,-0.010157500798574803
hold,AEP,2021-05-18,2021-05-25,0.0020992131950912096,0.0010992131950912096,0.03452318886640242,0.01521462415337171,0.0312478654206918,-0.030148652225600592
within,AEP,2021-05-18,2021-05-25,0.0020992131950912096,0.0010992131950912096,0.03452318886640242,0.01521462415337171,0.0312478654206918,-0.030148652225600592
hold,AEP,2021-06-24,2021-07-01,0.02908841968581055,0.02808841968581055,0.04371775187114397,0.007353323261536319,0.015449177943510639,0.012639241742299911
within,AEP,2021-06-24,2021-07-01,0.02908841968581055,0.02808841968581055,0.04371775187114397,0.007353323261536319,0.015449177943510639,0.012639241742299911
within,AEP,2021-10-01,2021-10-08,0.02703377858817535,0.02603377858817535,0.07750333033911351,0.012121039299742668,0.009479195614457314,0.016554582973718035
hold,AEP,2021-11-02,2021-11-09,-0.017359590633144295,-0.018359590633144296,0.015069748512655785,0.0,0.03425362991273473,-0.052613220545879025
within,AEP,2021-11-02,2021-11-09,-0.017359590633144295,-0.018359590633144296,0.015069748512655785,0.0,0.03425362991273473,-0.052613220545879025
hold,AEP,2021-11-17,2021-11-24,0.0069678999431090904,0.00596789994310909,0.029871242307520265,0.0038687179613139016,0.006107975772283281,-0.00014007582917419017
within,AEP,2021-11-17,2021-11-24,0.0069678999431090904,0.00596789994310909,0.029871242307520265,0.0038687179613139016,0.006107975772283281,-0.00014007582917419017
within,AEP,2022-03-16,2022-03-23,0.009887628364580126,0.008887628364580125,0.023405748212221453,0.013107574338646035,0.010545427337318669,-0.0016577989727385445
hold,AEP,2023-08-25,2023-09-01,-0.022816152143830593,-0.023816152143830593,0.031943425932658184,0.007582600075832665,0.02362898490324783,-0.04744513704707842
within,AEP,2023-08-25,2023-09-01,-0.022816152143830593,-0.023816152143830593,0.031943425932658184,0.007582600075832665,0.02362898490324783,-0.04744513704707842
within,AEP,2023-10-06,2023-10-13,0.031583380173116904,0.030583380173116903,0.1131943949468122,0.02710742614219166,0.0017228705544112266,0.028860509618705676
hold,AEP,2023-12-12,2023-12-19,0.026624849291967845,0.025624849291967844,0.0150172152345789,0.009000358994558673,0.02487084117698979,0.0007540081149780553
within,AEP,2023-12-12,2023-12-19,0.026624849291967845,0.025624849291967844,0.0150172152345789,0.009000358994558673,0.02487084117698979,0.0007540081149780553
within,AEP,2024-01-26,2024-02-02,0.01014891153369235,0.00914891153369235,0.08969329160865001,0.01444254132838071,0.015364828307446343,-0.006215916773753993
within,AEP,2024-06-26,2024-07-03,0.004589083220020829,0.0035890832200208287,0.018776990498388078,0.014283545901954776,0.012785992576562544,-0.009196909356541716
within,AEP,2024-08-09,2024-08-16,-0.006049421531278076,-0.007049421531278076,0.03733245952322495,0.015485344587346656,0.051312483925805896,-0.058361905457083973
within,AEP,2024-08-19,2024-08-26,0.015173340991949669,0.014173340991949668,0.03774223714863797,0.016128561674379687,0.0014320288021900662,0.012741312189759602
within,AEP,2025-05-29,2025-06-05,-0.007412513230138695,-0.008412513230138696,0.02789795112903815,0.01202418985927601,0.006249361669015796,-0.014661874899154492
hold,AEP,2025-09-11,2025-09-18,-0.021151379554324667,-0.02215137955432467,0.058417980045156026,0.00018461863979797483,0.009452225560283134,-0.0316036051146078
within,AEP,2025-09-11,2025-09-18,-0.021151379554324667,-0.02215137955432467,0.058417980045156026,0.00018461863979797483,0.009452225560283134,-0.0316036051146078
hold,AEP,2025-09-25,2025-10-02,0.05191915518971668,0.05091915518971668,0.027977870746658556,9.338920184413484e-05,0.039327012682386364,0.011592142507330316
within,AEP,2025-09-25,2025-10-02,0.05191915518971668,0.05091915518971668,0.027977870746658556,9.338920184413484e-05,0.039327012682386364,0.011592142507330316
hold,AEP,2025-11-26,2025-12-04,-0.038135570853851886,-0.039135570853851886,0.02355364135074316,0.0037764357346427462,0.02322789998126895,-0.06236347083512084
within,AEP,2025-11-26,2025-12-04,-0.038135570853851886,-0.039135570853851886,0.02355364135074316,0.0037764357346427462,0.02322789998126895,-0.06236347083512084
hold,AEP,2025-12-17,2025-12-24,0.005230555594298858,0.004230555594298858,0.08108683670421638,0.010419422837991273,0.013366102915318478,-0.009135547321019621
within,AEP,2025-12-17,2025-12-24,0.005230555594298858,0.004230555594298858,0.08108683670421638,0.010419422837991273,0.013366102915318478,-0.009135547321019621
hold,NOW,2017-03-24,2017-03-31,0.03136420182541877,0.03036420182541877,0.056403586605743135,0.007554348057561791,0.008557038000287065,0.021807163825131703
within,NOW,2017-03-24,2017-03-31,0.03136420182541877,0.03036420182541877,0.056403586605743135,0.007554348057561791,0.008557038000287065,0.021807163825131703
hold,NOW,2017-11-09,2017-11-16,0.0013539820212455922,0.00035398202124559217,0.016194368343296222,0.0014421251420767614,0.029425915387932378,-0.029071933366686786
within,NOW,2017-11-09,2017-11-16,0.0013539820212455922,0.00035398202124559217,0.016194368343296222,0.0014421251420767614,0.029425915387932378,-0.029071933366686786
hold,NOW,2018-07-20,2018-07-27,-0.03731417999130571,-0.03831417999130571,0.02908417065861719,0.010312904067302982,0.011226934816658707,-0.049541114807964415
within,NOW,2018-07-20,2018-07-27,-0.03731417999130571,-0.03831417999130571,0.02908417065861719,0.010312904067302982,0.011226934816658707,-0.049541114807964415
hold,NOW,2019-03-28,2019-04-04,-0.025890809327846376,-0.026890809327846377,0.039585753356387476,0.014927220700149717,0.021071778267084174,-0.04796258759493055
within,NOW,2019-03-28,2019-04-04,-0.025890809327846376,-0.026890809327846377,0.039585753356387476,0.014927220700149717,0.021071778267084174,-0.04796258759493055
hold,NOW,2019-09-03,2019-09-10,-0.03872726007385052,-0.03972726007385052,0.023725230181143225,0.011203431681191544,0.030993058215378788,-0.07072031828922931
within,NOW,2019-09-03,2019-09-10,-0.03872726007385052,-0.03972726007385052,0.023725230181143225,0.011203431681191544,0.030993058215378788,-0.07072031828922931
hold,NOW,2020-02-10,2020-02-18,0.04294425135579405,0.04194425135579405,0.03919232682434087,0.001874720177805068,0.015203989058291123,0.026740262297502926
within,NOW,2020-02-10,2020-02-18,0.04294425135579405,0.04194425135579405,0.03919232682434087,0.001874720177805068,0.015203989058291123,0.026740262297502926
within,NOW,2020-12-24,2021-01-04,-0.04885448888263233,-0.04985448888263233,0.02617840036635584,0.020976148238029745,-0.003301816829822557,-0.046552672052809774
within,NOW,2021-05-18,2021-05-25,0.04960416321117389,0.04860416321117389,0.10701416177210851,0.012965806951931615,0.0312478654206918,0.01735629779048209
hold,NOW,2021-08-19,2021-08-26,0.06322835224996415,0.06222835224996415,0.025994045063577616,0.0004981889473769928,0.020858641595370653,0.041369710654593495
within,NOW,2021-08-19,2021-08-26,0.06322835224996415,0.06222835224996415,0.025994045063577616,0.0004981889473769928,0.020858641595370653,0.041369710654593495
hold,NOW,2023-04-12,2023-04-19,0.008824142243383015,0.007824142243383014,0.01848719831334348,0.007020576864331524,0.006269503497407847,0.0015546387459751676
within,NOW,2023-04-12,2023-04-19,0.008824142243383015,0.007824142243383014,0.01848719831334348,0.007020576864331524,0.006269503497407847,0.0015546387459751676
hold,NOW,2023-12-26,2024-01-03,-0.036977914218028096,-0.0379779142180281,0.032166675092894004,0.004591252640076696,-0.005886679920003579,-0.03209123429802452
within,NOW,2023-12-26,2024-01-03,-0.036977914218028096,-0.0379779142180281,0.032166675092894004,0.004591252640076696,-0.005886679920003579,-0.03209123429802452
within,NOW,2024-04-03,2024-04-10,0.01321194935471337,0.01221194935471337,0.02663803007616326,0.01490814862967611,-0.008185296989410284,0.020397246344123654
hold,NOW,2024-12-03,2024-12-10,0.06669687675546543,0.06569687675546543,0.02715814637279586,0.0009628616775445127,-0.006984507764458581,0.07268138451992401
within,NOW,2024-12-03,2024-12-10,0.06669687675546543,0.06569687675546543,0.02715814637279586,0.0009628616775445127,-0.006984507764458581,0.07268138451992401
within,NOW,2025-02-28,2025-03-07,-0.08510792636143949,-0.08610792636143949,0.102471173755178,0.022546190209329717,-0.025268653961569743,-0.06083927239986975
hold,NOW,2025-09-16,2025-09-23,-0.004656582275714416,-0.005656582275714416,0.016920221062265005,0.009982722233548541,0.026065999383093175,-0.03172258165880759
within,NOW,2025-09-16,2025-09-23,-0.004656582275714416,-0.005656582275714416,0.016920221062265005,0.009982722233548541,0.026065999383093175,-0.03172258165880759
hold,AMAT,2016-12-23,2017-01-03,-0.029179727162092828,-0.03017972716209283,0.018931993204440365,0.0009203018702121489,-0.012885964967363495,-0.017293762194729334
within,AMAT,2016-12-23,2017-01-03,-0.029179727162092828,-0.03017972716209283,0.018931993204440365,0.0009203018702121489,-0.012885964967363495,-0.017293762194729334
hold,AMAT,2017-06-21,2017-06-28,-0.0213208464612461,-0.022320846461246102,0.0955000052295839,0.02122171883258041,-0.00535163273120276,-0.016969213730043342
within,AMAT,2017-06-21,2017-06-28,-0.0213208464612461,-0.022320846461246102,0.0955000052295839,0.02122171883258041,-0.00535163273120276,-0.016969213730043342
hold,AMAT,2017-08-25,2017-09-01,0.04132979859619579,0.04032979859619579,0.030603006789201664,0.022601030736471864,0.018551008670781854,0.021778789925413933
within,AMAT,2017-08-25,2017-09-01,0.04132979859619579,0.04032979859619579,0.030603006789201664,0.022601030736471864,0.018551008670781854,0.021778789925413933
hold,AMAT,2019-08-15,2019-08-22,0.001745183922797322,0.000745183922797322,0.08792565404339753,0.02849227752068103,0.0329434857003843,-0.03219830177758698
within,AMAT,2019-08-15,2019-08-22,0.001745183922797322,0.000745183922797322,0.08792565404339753,0.02849227752068103,0.0329434857003843,-0.03219830177758698
hold,AMAT,2019-10-03,2019-10-10,0.02759855864656857,0.02659855864656857,0.053566712719214,0.011258682254351388,0.014862937254077835,0.011735621392490736
within,AMAT,2019-10-03,2019-10-10,0.02759855864656857,0.02659855864656857,0.053566712719214,0.011258682254351388,0.014862937254077835,0.011735621392490736
hold,AMAT,2019-10-22,2019-10-29,0.06810327559882579,0.06710327559882578,0.025846142452360225,0.0088617168675901,0.021074916832929613,0.04602835876589617
within,AMAT,2019-10-22,2019-10-29,0.06810327559882579,0.06710327559882578,0.025846142452360225,0.0088617168675901,0.021074916832929613,0.04602835876589617
within,AMAT,2021-10-11,2021-10-18,0.045333417485177385,0.044333417485177384,0.12062453396762184,0.013065972383316053,0.03560757818894067,0.008725839296236715
hold,AMAT,2022-06-06,2022-06-13,-0.16243454776685462,-0.16343454776685462,0.042923606540939636,0.020406383602547616,-0.10236744525479258,-0.061067102512062044
within,AMAT,2022-06-06,2022-06-13,-0.16243454776685462,-0.16343454776685462,0.042923606540939636,0.020406383602547616,-0.10236744525479258,-0.061067102512062044
hold,AMAT,2023-06-06,2023-06-13,0.058608453766092694,0.05760845376609269,0.024235046270985567,0.008191781815617123,0.027381169770510416,0.030227283995582277
within,AMAT,2023-06-06,2023-06-13,0.058608453766092694,0.05760845376609269,0.024235046270985567,0.008191781815617123,0.027381169770510416,0.030227283995582277
hold,AMAT,2023-10-31,2023-11-07,0.07094816411398419,0.06994816411398419,0.10835343142173026,0.0020585086796096677,0.04356185547869185,0.026386308635292344
within,AMAT,2023-10-31,2023-11-07,0.07094816411398419,0.06994816411398419,0.10835343142173026,0.0020585086796096677,0.04356185547869185,0.026386308635292344
hold,AMAT,2023-11-22,2023-11-30,0.00200711143941934,0.00100711143941934,0.044618652704123074,0.02200083532584327,0.008296301913665038,-0.007289190474245698
within,AMAT,2023-11-22,2023-11-30,0.00200711143941934,0.00100711143941934,0.044618652704123074,0.02200083532584327,0.008296301913665038,-0.007289190474245698
hold,AMAT,2024-01-12,2024-01-22,0.11272714456301491,0.11172714456301491,0.09762612280424854,0.011613927844500802,0.018880276002450014,0.0928468685605649
within,AMAT,2024-01-12,2024-01-22,0.11272714456301491,0.11172714456301491,0.09762612280424854,0.011613927844500802,0.018880276002450014,0.0928468685605649
within,AMAT,2024-04-03,2024-04-10,0.009017313611308309,0.008017313611308308,0.021917869210206622,0.012439767840163865,-0.008185296989410284,0.016202610600718592
hold,AMAT,2024-11-20,2024-11-27,0.007231470714575972,0.0062314707145759715,0.13913349611689146,0.008352081492104927,0.017894525034461095,-0.011663054319885124
within,AMAT,2024-11-20,2024-11-27,0.007231470714575972,0.0062314707145759715,0.13913349611689146,0.008352081492104927,0.017894525034461095,-0.011663054319885124
hold,AMAT,2024-12-13,2024-12-20,-0.034012326223816,-0.035012326223816004,0.08598507229429879,0.012051352777745,-0.013082102434222809,-0.021930223789593195
within,AMAT,2024-12-13,2024-12-20,-0.034012326223816,-0.035012326223816004,0.08598507229429879,0.012051352777745,-0.013082102434222809,-0.021930223789593195
within,AMAT,2025-11-12,2025-11-19,0.01906989159290773,0.018069891592907728,0.045956718224475376,0.02764602932002836,-0.01607000724266927,0.034139898835577
hold,AMAT,2026-01-26,2026-02-02,0.027984761800310176,0.026984761800310175,0.027216325905986754,0.02003078961099876,0.0029152754211396736,0.0240694863791705
within,AMAT,2026-01-26,2026-02-02,0.027984761800310176,0.026984761800310175,0.027216325905986754,0.02003078961099876,0.0029152754211396736,0.0240694863791705
hold,AMAT,2026-04-21,2026-04-28,-0.033525226085623694,-0.034525226085623695,0.02429838372903196,0.013493127588341081,0.002596131503675103,-0.0371213575892988
within,AMAT,2026-04-21,2026-04-28,-0.033525226085623694,-0.034525226085623695,0.02429838372903196,0.013493127588341081,0.002596131503675103,-0.0371213575892988
hold,WMT,2017-06-14,2017-06-21,-0.04580741700241675,-0.04680741700241675,0.01670992918596695,0.0022690882893776814,0.007618234975612204,-0.054425651978028955
within,WMT,2017-06-14,2017-06-21,-0.04580741700241675,-0.04680741700241675,0.01670992918596695,0.0022690882893776814,0.007618234975612204,-0.054425651978028955
hold,WMT,2017-11-29,2017-12-06,-0.002870036193599712,-0.003870036193599712,0.032753196998861867,0.0,0.0011336443662075535,-0.005003680559807266
within,WMT,2017-11-29,2017-12-06,-0.002870036193599712,-0.003870036193599712,0.032753196998861867,0.0,0.0011336443662075535,-0.005003680559807266
within,WMT,2018-03-20,2018-03-27,-0.021602923808541008,-0.02260292380854101,0.021890405057618228,0.019477574247178598,-0.03971530867445183,0.017112384865910824
hold,WMT,2018-06-01,2018-06-08,0.016508037167370704,0.015508037167370703,0.04427197571303228,0.01896154269231928,0.0010223434987188806,0.014485693668651822
within,WMT,2018-06-01,2018-06-08,0.016508037167370704,0.015508037167370703,0.04427197571303228,0.01896154269231928,0.0010223434987188806,0.014485693668651822
hold,WMT,2018-06-21,2018-06-28,0.019593792894508244,0.018593792894508243,0.02873955695854366,0.0,-0.018992781796145275,0.03758657469065352
within,WMT,2018-06-21,2018-06-28,0.019593792894508244,0.018593792894508243,0.02873955695854366,0.0,-0.018992781796145275,0.03758657469065352
hold,WMT,2018-09-20,2018-09-27,-0.016919306369060805,-0.017919306369060806,0.024127567211777275,0.0019929177364380562,-0.004499483546934857,-0.013419822822125949
within,WMT,2018-09-20,2018-09-27,-0.016919306369060805,-0.017919306369060806,0.024127567211777275,0.0019929177364380562,-0.004499483546934857,-0.013419822822125949
hold,WMT,2018-10-04,2018-10-11,-0.003078191341176151,-0.004078191341176151,0.020968954805453927,0.011415416627575642,-0.0696843476148753,0.06560615627369915
within,WMT,2018-10-04,2018-10-11,-0.003078191341176151,-0.004078191341176151,0.020968954805453927,0.011415416627575642,-0.0696843476148753,0.06560615627369915
hold,WMT,2019-05-14,2019-05-21,0.008276028227980792,0.007276028227980792,0.033907514396864985,0.02002019394232623,0.011163337653071759,-0.003887309425090967
within,WMT,2019-05-14,2019-05-21,0.008276028227980792,0.007276028227980792,0.033907514396864985,0.02002019394232623,0.011163337653071759,-0.003887309425090967
hold,WMT,2019-11-21,2019-11-29,-0.006424100717799863,-0.007424100717799863,0.017594409153879567,0.009357563012362914,0.015587893831164212,-0.023011994548964076
within,WMT,2019-11-21,2019-11-29,-0.006424100717799863,-0.007424100717799863,0.017594409153879567,0.009357563012362914,0.015587893831164212,-0.023011994548964076
within,WMT,2020-01-14,2020-01-22,-0.0006884391201700257,-0.0016884391201700258,0.02910046723363435,0.012691139637469283,0.01954080301094252,-0.021229242131112547
within,WMT,2020-04-24,2020-05-01,-0.05037095645129541,-0.05137095645129541,0.023859723716569078,0.02352856714882381,-0.011045114722470162,-0.04032584172882525
hold,WMT,2020-08-07,2020-08-14,0.024429933490647482,0.02342993349064748,0.025654339186102278,0.017548940414964593,0.003400093689005068,0.020029839801642413
within,WMT,2020-08-07,2020-08-14,0.024429933490647482,0.02342993349064748,0.025654339186102278,0.017548940414964593,0.003400093689005068,0.020029839801642413
hold,WMT,2020-09-24,2020-10-01,0.04667146577360071,0.045671465773600706,0.06613564495525275,0.016916326226581263,0.042090191364300145,0.003581274409300561
within,WMT,2020-09-24,2020-10-01,0.04667146577360071,0.045671465773600706,0.06613564495525275,0.016916326226581263,0.042090191364300145,0.003581274409300561
hold,WMT,2020-10-23,2020-10-30,-0.03545349947476617,-0.03645349947476617,0.022685891893166166,0.005903789541894473,-0.05320101433084479,0.016747514856078616
within,WMT,2020-10-23,2020-10-30,-0.03545349947476617,-0.03645349947476617,0.022685891893166166,0.005903789541894473,-0.05320101433084479,0.016747514856078616
hold,WMT,2020-11-23,2020-12-01,0.011329919359604812,0.010329919359604811,0.02222084154320375,0.012435595841294845,0.029283292205736,-0.01895337284613119
within,WMT,2020-11-23,2020-12-01,0.011329919359604812,0.010329919359604811,0.02222084154320375,0.012435595841294845,0.029283292205736,-0.01895337284613119
hold,WMT,2021-03-09,2021-03-16,0.03491353887931492,0.03391353887931492,0.08136300149167608,0.009649696680840958,0.03110918486962322,0.002804354009691701
within,WMT,2021-03-09,2021-03-16,0.03491353887931492,0.03391353887931492,0.08136300149167608,0.009649696680840958,0.03110918486962322,0.002804354009691701
hold,WMT,2021-06-24,2021-07-01,0.01760285951239604,0.01660285951239604,0.04823677305693987,0.007838928741303625,0.015449177943510639,0.0011536815688854007
within,WMT,2021-06-24,2021-07-01,0.01760285951239604,0.01660285951239604,0.04823677305693987,0.007838928741303625,0.015449177943510639,0.0011536815688854007
hold,WMT,2022-03-01,2022-03-08,0.020221981570031522,0.01922198157003152,0.031823320013239696,0.00898590641216987,-0.014494065668680056,0.03371604723871158
within,WMT,2022-03-01,2022-03-08,0.020221981570031522,0.01922198157003152,0.031823320013239696,0.00898590641216987,-0.014494065668680056,0.03371604723871158
hold,WMT,2022-09-02,2022-09-12,0.03812037171273053,0.03712037171273053,0.058440952659157885,0.0030146734206200807,0.04948577986031166,-0.012365408147581136
within,WMT,2022-09-02,2022-09-12,0.03812037171273053,0.03712037171273053,0.058440952659157885,0.0030146734206200807,0.04948577986031166,-0.012365408147581136
hold,WMT,2022-09-21,2022-09-28,-0.012317352192351971,-0.013317352192351972,0.03598420084492671,0.0058236673573587375,-0.0260608981369137,0.01274354594456173
within,WMT,2022-09-21,2022-09-28,-0.012317352192351971,-0.013317352192351972,0.03598420084492671,0.0058236673573587375,-0.0260608981369137,0.01274354594456173
hold,WMT,2022-09-29,2022-10-06,-0.004309898904064857,-0.005309898904064857,0.05976506201712766,0.002745614881936996,0.020506871608938715,-0.025816770513003573
within,WMT,2022-09-29,2022-10-06,-0.004309898904064857,-0.005309898904064857,0.05976506201712766,0.002745614881936996,0.020506871608938715,-0.025816770513003573
hold,WMT,2023-07-12,2023-07-19,-0.0027090337104488382,-0.0037090337104488382,0.030224526154336205,0.0014861566798942485,0.023694624267753595,-0.027403657978202434
within,WMT,2023-07-12,2023-07-19,-0.0027090337104488382,-0.0037090337104488382,0.030224526154336205,0.0014861566798942485,0.023694624267753595,-0.027403657978202434
hold,WMT,2024-06-13,2024-06-21,0.01814121516964118,0.017141215169641177,0.019094137995196273,0.009754846047789567,0.013870050296318492,0.003271164873322685
within,WMT,2024-06-13,2024-06-21,0.01814121516964118,0.017141215169641177,0.019094137995196273,0.009754846047789567,0.013870050296318492,0.003271164873322685
hold,WMT,2024-10-11,2024-10-18,0.01510618848911438,0.01410618848911438,0.028662413075423367,0.00987438458044399,0.0026659355491736036,0.011440252939940776
within,WMT,2024-10-11,2024-10-18,0.01510618848911438,0.01410618848911438,0.028662413075423367,0.00987438458044399,0.0026659355491736036,0.011440252939940776
hold,WMT,2024-12-13,2024-12-20,-0.021326379459985945,-0.022326379459985946,0.01973373467538377,0.009204011801413711,-0.013082102434222809,-0.009244277025763137
within,WMT,2024-12-13,2024-12-20,-0.021326379459985945,-0.022326379459985946,0.01973373467538377,0.009204011801413711,-0.013082102434222809,-0.009244277025763137
hold,WMT,2025-01-17,2025-01-27,0.05938653757774137,0.05838653757774137,0.024050255085241952,0.00043782414157811285,0.011016757985209402,0.04736977959253197
within,WMT,2025-01-17,2025-01-27,0.05938653757774137,0.05838653757774137,0.024050255085241952,0.00043782414157811285,0.011016757985209402,0.04736977959253197
within,WMT,2025-10-22,2025-10-29,-0.043681205956768276,-0.04468120595676828,0.023759762043692446,0.01411566393350059,0.0067526953338366,-0.05143390129060488
hold,WMT,2025-11-06,2025-11-13,0.008457999836109398,0.007457999836109398,0.06272694293272946,0.007853253407521875,0.014360845202118222,-0.006902845366008824
within,WMT,2025-11-06,2025-11-13,0.008457999836109398,0.007457999836109398,0.06272694293272946,0.007853253407521875,0.014360845202118222,-0.006902845366008824
hold,BLK,2016-08-16,2016-08-23,0.014193094848150567,0.013193094848150566,0.022424474969894467,0.002153039929210742,0.013656277644394477,-0.00046318279624391057
within,BLK,2016-08-16,2016-08-23,0.014193094848150567,0.013193094848150566,0.022424474969894467,0.002153039929210742,0.013656277644394477,-0.00046318279624391057
within,BLK,2016-09-15,2016-09-22,0.02290002247549716,0.02190002247549716,0.03171354065905091,0.02030823303198041,0.015007048202247963,0.006892974273249197
within,BLK,2016-10-05,2016-10-12,-0.019930782202507213,-0.020930782202507214,0.045528022558549125,0.01789895674039859,-0.027298623516357257,0.006367841313850042
hold,BLK,2016-12-05,2016-12-12,0.04887686101744748,0.04787686101744748,0.016202261798374914,0.01560370393711472,0.020124377959414907,0.027752483058032573
within,BLK,2016-12-05,2016-12-12,0.04887686101744748,0.04787686101744748,0.016202261798374914,0.01560370393711472,0.020124377959414907,0.027752483058032573
hold,BLK,2017-01-23,2017-01-30,-0.007618123025160961,-0.008618123025160962,0.03115330614092113,0.00172116428004704,0.016817702112235322,-0.025435825137396284
within,BLK,2017-01-23,2017-01-30,-0.007618123025160961,-0.008618123025160962,0.03115330614092113,0.00172116428004704,0.016817702112235322,-0.025435825137396284
within,BLK,2017-04-20,2017-04-27,0.02389990523839458,0.02289990523839458,0.018353214245962028,0.017611085428255867,0.02750358910853934,-0.004603683870144759
hold,BLK,2017-08-03,2017-08-10,-0.007793239054865175,-0.008793239054865176,0.03326177961855079,0.01035635710845035,-0.0071266369175679856,-0.0016666021372971906
within,BLK,2017-08-03,2017-08-10,-0.007793239054865175,-0.008793239054865176,0.03326177961855079,0.01035635710845035,-0.0071266369175679856,-0.0016666021372971906
hold,BLK,2017-08-25,2017-09-01,0.01911491676777133,0.018114916767771327,0.0377270566650663,0.012970637680740053,0.018551008670781854,-0.000436091903010527
within,BLK,2017-08-25,2017-09-01,0.01911491676777133,0.018114916767771327,0.0377270566650663,0.012970637680740053,0.018551008670781854,-0.000436091903010527
within,BLK,2018-04-17,2018-04-24,-0.024941100688133933,-0.025941100688133933,0.03076081582964112,0.01558009473869837,-0.05264098582183807,0.026699885133704138
hold,BLK,2018-08-20,2018-08-27,0.01692728922948028,0.01592728922948028,0.0347322267069267,0.0009697792686930645,0.014235745771443264,0.0016915434580370148
within,BLK,2018-08-20,2018-08-27,0.01692728922948028,0.01592728922948028,0.0347322267069267,0.0009697792686930645,0.014235745771443264,0.0016915434580370148
hold,BLK,2018-09-18,2018-09-25,0.014591391277895882,0.013591391277895881,0.027475621669633896,0.010897941696782995,-0.0017781970086730992,0.01536958828656898
within,BLK,2018-09-18,2018-09-25,0.014591391277895882,0.013591391277895881,0.027475621669633896,0.010897941696782995,-0.0017781970086730992,0.01536958828656898
hold,BLK,2019-05-16,2019-05-23,-0.02984937658903486,-0.03084937658903486,0.0915707440539937,0.0033699089321384684,-0.018255454110917668,-0.012593922478117192
within,BLK,2019-05-16,2019-05-23,-0.02984937658903486,-0.03084937658903486,0.0915707440539937,0.0033699089321384684,-0.018255454110917668,-0.012593922478117192
hold,BLK,2019-07-23,2019-07-30,0.001989743140932365,0.0009897431409323651,0.02403985231397149,0.00400678029354675,-0.016647877306003478,0.017637620446935842
within,BLK,2019-07-23,2019-07-30,0.001989743140932365,0.0009897431409323651,0.02403985231397149,0.00400678029354675,-0.016647877306003478,0.017637620446935842
hold,BLK,2020-07-10,2020-07-17,0.060713172338335175,0.059713172338335174,0.015035046545165591,0.01476025316138909,0.02688692579992291,0.03282624653841226
within,BLK,2020-07-10,2020-07-17,0.060713172338335175,0.059713172338335174,0.015035046545165591,0.01476025316138909,0.02688692579992291,0.03282624653841226
hold,BLK,2020-07-30,2020-08-06,0.015948699198258476,0.014948699198258475,0.02952707822119433,0.008080033131236066,0.010973519353294714,0.003975179844963761
within,BLK,2020-07-30,2020-08-06,0.015948699198258476,0.014948699198258475,0.02952707822119433,0.008080033131236066,0.010973519353294714,0.003975179844963761
hold,BLK,2020-10-22,2020-10-29,-0.05171766167282155,-0.05271766167282155,0.03481058182759493,0.01574920455872312,-0.03964645530225919,-0.01307120637056236
within,BLK,2020-10-22,2020-10-29,-0.05171766167282155,-0.05271766167282155,0.03481058182759493,0.01574920455872312,-0.03964645530225919,-0.01307120637056236
hold,BLK,2021-08-02,2021-08-09,0.03287675423392877,0.03187675423392877,0.025205108270984423,0.0025567059832572476,0.015582006173967988,0.016294748059960784
within,BLK,2021-08-02,2021-08-09,0.03287675423392877,0.03187675423392877,0.025205108270984423,0.0025567059832572476,0.015582006173967988,0.016294748059960784
within,BLK,2021-12-06,2021-12-13,0.023374570637042735,0.022374570637042734,0.05259475252474179,0.021205769746683565,0.02042712533483826,0.0019474453022044758
hold,BLK,2022-02-09,2022-02-16,-0.03638354517746489,-0.037383545177464894,0.02546198081409212,0.011734124231588285,-0.0213201759700542,-0.016063369207410694
within,BLK,2022-02-09,2022-02-16,-0.03638354517746489,-0.037383545177464894,0.02546198081409212,0.011734124231588285,-0.0213201759700542,-0.016063369207410694
hold,BLK,2023-09-12,2023-09-19,-0.01201689814307949,-0.013016898143079492,0.017152790024691313,0.0006371016765738337,-0.013466230420627112,0.0004493322775476205
within,BLK,2023-09-12,2023-09-19,-0.01201689814307949,-0.013016898143079492,0.017152790024691313,0.0006371016765738337,-0.013466230420627112,0.0004493322775476205
hold,BLK,2024-07-02,2024-07-10,0.02898128764253194,0.027981287642531938,0.022556794004764152,0.006434646343197259,0.01814229026946501,0.009838997373066927
within,BLK,2024-07-02,2024-07-10,0.02898128764253194,0.027981287642531938,0.022556794004764152,0.006434646343197259,0.01814229026946501,0.009838997373066927
hold,BLK,2024-10-31,2024-11-07,0.056094289536537056,0.055094289536537056,0.0418992626487139,0.0064594094960791,0.03880782597322674,0.016286463563310316
within,BLK,2024-10-31,2024-11-07,0.056094289536537056,0.055094289536537056,0.0418992626487139,0.0064594094960791,0.03880782597322674,0.016286463563310316
hold,BLK,2025-03-06,2025-03-13,-0.05654686351264837,-0.05754686351264837,0.04600990206031437,0.026940171181686096,-0.02754247042684521,-0.03000439308580316
within,BLK,2025-03-06,2025-03-13,-0.05654686351264837,-0.05754686351264837,0.04600990206031437,0.026940171181686096,-0.02754247042684521,-0.03000439308580316
hold,BLK,2025-06-03,2025-06-10,0.015296419088237423,0.014296419088237422,0.026847896592412733,0.001859032957392882,0.011461610814668344,0.0028348082735690783
within,BLK,2025-06-03,2025-06-10,0.015296419088237423,0.014296419088237422,0.026847896592412733,0.001859032957392882,0.011461610814668344,0.0028348082735690783
within,BLK,2025-06-18,2025-06-26,0.05234200294702229,0.05134200294702229,0.02186214869169335,0.013242697845847138,0.031523800038133265,0.019818202908889027
hold,BLK,2025-09-09,2025-09-16,0.011956518920047676,0.010956518920047675,0.04332294133360797,0.003995031511519333,0.004982138511143486,0.00597438040890419
within,BLK,2025-09-09,2025-09-16,0.011956518920047676,0.010956518920047675,0.04332294133360797,0.003995031511519333,0.004982138511143486,0.00597438040890419
within,BLK,2026-08-21,2026-08-28,0.00685650511320457,0.0058565051132045695,0.03067251328627,0.016618252192594534,0.01166513330986807,-0.0058086281966635
