stock,entry_date,exit_date,ret,ret_net,exit_reason,bench_ret,excess_ret
MMM,2017-11-17,2017-11-27,0.025376868567543065,0.024376868567543064,hold_days,0.010124758790970967,0.014252109776572097
MMM,2020-12-03,2020-12-10,0.009660729722234862,0.008660729722234861,hold_days,0.0061728800951414975,0.0024878496270933637
MMM,2021-09-16,2021-09-23,-0.006186668348963975,-0.007186668348963975,hold_days,-0.0017213956013714116,-0.0054652727475925636
MMM,2021-10-29,2021-11-05,0.01746127932607755,0.01646127932607755,hold_days,0.021308435361680367,-0.004847156035602818
MMM,2022-11-30,2022-12-06,-0.011034320557162247,-0.012034320557162248,market_dd,-0.031639547798731016,0.019605227241568768
MMM,2023-07-10,2023-07-17,0.04640413051416514,0.04540413051416514,hold_days,0.020146333968566354,0.025257796545598787
MMM,2025-03-06,2025-03-13,-0.005716552891166793,-0.006716552891166793,market_dd,-0.03334965245711086,0.026633099565944063
MMM,2026-03-16,2026-03-23,-0.02260757452010742,-0.02360757452010742,hold_days,-0.018291458956499418,-0.005316115563608004
ABT,2018-06-29,2018-07-09,0.023774388529669954,0.022774388529669953,hold_days,0.023913599861947077,-0.0011392113322771236
ABT,2021-11-09,2021-11-16,0.03527669021180024,0.03427669021180024,hold_days,0.0039783985356129925,0.03029829167618725
ABBV,2015-12-07,2015-12-11,-0.03963042441808917,-0.04063042441808917,market_dd,-0.031328134735586266,-0.009302289682502907
ABBV,2019-12-05,2019-12-12,0.023178055281755316,0.022178055281755316,hold_days,0.020450926986106177,0.0017271282956491385
ABBV,2020-06-26,2020-07-06,0.029959104316356955,0.028959104316356954,hold_days,0.056639958571757854,-0.0276808542554009
ABBV,2021-06-22,2021-06-29,-0.020924165384823,-0.021924165384823002,hold_days,0.011007980929102379,-0.03293214631392538
ABBV,2024-03-04,2024-03-11,0.014572264052525874,0.013572264052525873,hold_days,0.004703276947467305,0.008868987105058568
ACN,2016-06-15,2016-06-22,0.01345274892564885,0.012452748925648849,hold_days,0.0057816433789572574,0.006671105546691591
ACN,2018-05-31,2018-06-07,0.03126980568262061,0.03026980568262061,hold_days,0.02703629412997932,0.0032335115526412883
ACN,2023-08-08,2023-08-15,-0.024591504412722953,-0.025591504412722954,hold_days,-0.013140889543962198,-0.012450614868760757
ACN,2024-08-07,2024-08-14,0.0056913349696881,0.0046913349696881,hold_days,0.03670270490341321,-0.03201136993372511
ACN,2025-06-05,2025-06-12,0.008719618600926626,0.007719618600926626,hold_days,0.02283969182089285,-0.015120073219966224
ADBE,2015-12-02,2015-12-09,-0.026733309869752198,-0.0277333098697522,hold_days,-0.0143125209984305,-0.013420788871321698
ADBE,2016-03-10,2016-03-17,0.06022393284909833,0.059223932849098326,hold_days,0.0295583369473702,0.029665595901728126
ADBE,2024-05-29,2024-06-05,-0.04564492887762217,-0.04664492887762217,hold_days,0.01930576376548543,-0.0659506926431076
GOOG,2016-01-20,2016-01-27,0.00220480529567868,0.00120480529567868,hold_days,0.011509117326939489,-0.01030431203126081
GOOG,2019-02-25,2019-03-04,0.03461323574290942,0.03361323574290942,hold_days,-0.001009724700868797,0.03462296044377822
GOOG,2021-01-06,2021-01-13,0.011012727846633874,0.010012727846633873,hold_days,0.015878124306991204,-0.0058653964603573305
GOOG,2021-09-14,2021-09-21,-0.0262160107427718,-0.0272160107427718,hold_days,-0.01779422148663723,-0.009421789256134572
GOOG,2021-12-03,2021-12-10,0.04318372035314666,0.04218372035314666,hold_days,0.03479373711407763,0.007389983239069031
GOOG,2023-12-06,2023-12-13,0.01932616605745241,0.01832616605745241,hold_days,0.03483359329814317,-0.016507427240690764
MO,2021-08-06,2021-08-13,0.026399300747148136,0.025399300747148135,hold_days,0.008331851317268324,0.01706744942987981
MO,2021-09-16,2021-09-23,0.00040985338040644415,-0.0005901466195935559,hold_days,-0.0017213956013714116,0.0011312489817778557
MO,2023-02-24,2023-03-03,-0.013568075587488182,-0.014568075587488183,hold_days,0.016080885055084426,-0.03064896064257261
MO,2024-12-13,2024-12-20,-0.019664969600879156,-0.020664969600879157,hold_days,-0.023866836080531972,0.003201866479652815
AMZN,2016-01-20,2016-01-27,0.02025291609820723,0.01925291609820723,hold_days,0.011509117326939489,0.00774379877126774
AMZN,2017-08-02,2017-08-09,-0.013937287568558165,-0.014937287568558166,hold_days,0.0017883304749422013,-0.016725618043500368
AMZN,2019-08-27,2019-09-04,0.022016867872030943,0.021016867872030942,hold_days,0.02578541750280028,-0.0047685496307693365
AMZN,2019-09-18,2019-09-25,-0.02703228452982498,-0.02803228452982498,hold_days,-0.00811119190059173,-0.01992109262923325
AMZN,2019-10-01,2019-10-08,-0.017365295572054462,-0.018365295572054463,hold_days,-0.016689772240516487,-0.0016755233315379758
AMZN,2022-10-13,2022-10-20,0.024171343199228312,0.02317134319922831,hold_days,0.0014533044831324116,0.0217180387160959
AMZN,2025-10-14,2025-10-21,0.026064048271901008,0.025064048271901007,hold_days,0.017272869537850788,0.007791178734050219
AXP,2024-05-28,2024-06-04,0.0,-0.001,hold_days,0.003463897193599852,-0.004463897193599852
AXP,2025-02-27,2025-03-06,-0.06308620496565476,-0.06408620496565476,hold_days,-0.014321368909354648,-0.04976483605630011
AXP,2025-08-05,2025-08-12,0.022148021279701835,0.021148021279701834,hold_days,0.01679979230054962,0.004348228979152213
AXP,2026-09-03,2026-09-11,-0.015553952970990048,-0.01655395297099005,hold_days,-0.019800682480426768,0.003246729509436719
AEP,2021-11-08,2021-11-15,-0.0028875169183215643,-0.0038875169183215643,hold_days,-0.0011318056110112273,-0.002755711307310337
AEP,2022-07-07,2022-07-14,-0.002644942709855491,-0.003644942709855491,hold_days,-0.027739558560896382,0.02409461585104089
AMGN,2019-01-16,2019-01-24,0.0104581714865708,0.009458171486570799,hold_days,0.012372393213841315,-0.002914221727270516
AMGN,2021-03-02,2021-03-09,0.014621955265673003,0.013621955265673003,hold_days,0.005885378841367084,0.007736576424305919
AMGN,2021-05-21,2021-05-28,-0.052069807074136776,-0.05306980707413678,hold_days,0.008422099263239335,-0.06149190633737611
AMGN,2025-05-08,2025-05-15,-0.0013231722459550177,-0.0023231722459550177,hold_days,0.03324567942109602,-0.03556885166705104
AMGN,2025-09-02,2025-09-09,-0.024222928069626337,-0.025222928069626338,hold_days,0.0057030454133919495,-0.030925973483018288
AMGN,2026-03-24,2026-03-30,0.0016359926550311155,0.0006359926550311154,market_dd,-0.017388710053545253,0.018024702708576368
AAPL,2018-06-27,2018-07-05,0.006733196156406329,0.005733196156406329,hold_days,0.012828005252854213,-0.007094809096447884
AAPL,2019-08-27,2019-09-04,0.02463731476315134,0.02363731476315134,hold_days,0.02578541750280028,-0.0021481027396489383
AAPL,2020-02-20,2020-02-24,-0.06906025160096008,-0.07006025160096008,market_dd,-0.04026762049987098,-0.029792631101089095
AAPL,2020-12-11,2020-12-18,0.034719357716759935,0.033719357716759935,hold_days,0.009404563985940362,0.024314793730819573
AAPL,2022-12-09,2022-12-16,-0.053812756603687006,-0.05481275660368701,hold_days,-0.01725069837281279,-0.03756205823087422
AAPL,2023-09-15,2023-09-22,-0.0012571136807741912,-0.002257113680774191,hold_days,-0.028240396705471293,0.0259832830246971
AMAT,2015-08-06,2015-08-13,0.01186921306232458,0.010869213062324579,hold_days,-0.0013604760055275777,0.012229689067852156
AMAT,2018-12-11,2018-12-17,-0.039682433326018396,-0.0406824333260184,market_dd,-0.03331030533190771,-0.007372127994110689
AMAT,2020-01-29,2020-02-05,0.06653295638167589,0.06553295638167589,hold_days,0.02238788713280404,0.04314506924887185
AMAT,2024-12-12,2024-12-19,-0.045185777666870375,-0.046185777666870376,market_dd,-0.03415931897936186,-0.012026458687508512
ADM,2018-05-07,2018-05-14,0.01670873058814437,0.01570873058814437,hold_days,0.02477289697864138,-0.009064166390497008
ADM,2021-06-22,2021-06-29,-0.01687217680215336,-0.01787217680215336,hold_days,0.011007980929102379,-0.02888015773125574
ADM,2026-06-23,2026-06-30,0.007384027649051994,0.006384027649051994,hold_days,0.011268580151507779,-0.004884552502455785
T,2018-07-17,2018-07-24,-0.0025188157744726603,-0.0035188157744726603,hold_days,0.0040427396337008314,-0.007561555408173492
T,2018-12-13,2018-12-17,-0.001671647329230641,-0.002671647329230641,market_dd,-0.04017690133235963,0.037505254003128985
T,2020-09-25,2020-10-02,0.022824974390922792,0.02182497439092279,hold_days,0.01898201406526101,0.002842960325661781
T,2021-11-08,2021-11-15,-0.0032152966431733265,-0.0042152966431733266,hold_days,-0.0011318056110112273,-0.003083491032162099
T,2022-03-10,2022-03-17,0.0,-0.001,hold_days,0.035300863899961454,-0.036300863899961455
T,2022-08-10,2022-08-17,0.02276502491578336,0.02176502491578336,hold_days,0.018198714265386107,0.003566310650397253
T,2023-10-06,2023-10-13,-0.006228637561963235,-0.007228637561963235,hold_days,0.0056702866696025644,-0.0128989242315658
T,2024-01-16,2024-01-23,0.04562060233542242,0.04462060233542242,hold_days,0.011944372621139232,0.03267622971428319
T,2024-02-26,2024-03-04,0.012047979056010405,0.011047979056010404,hold_days,0.012528027087777671,-0.001480048031767267
T,2024-10-14,2024-10-21,0.018814743687972868,0.017814743687972867,hold_days,-0.003766157719570118,0.021580901407542985
T,2025-07-15,2025-07-22,0.014803745590827866,0.013803745590827865,hold_days,0.013851746809651067,-4.800121882320152e-05
T,2025-08-28,2025-09-05,0.02246026056141104,0.021460260561411038,hold_days,-0.0030655899460542146,0.024525850507465252
BAC,2015-09-22,2015-09-28,-0.006422607229351174,-0.007422607229351174,market_dd,-0.02882529690774016,0.021402689678388986
BAC,2017-06-02,2017-06-09,0.05434277200092108,0.05334277200092108,hold_days,-0.0009474465666676757,0.054290218567588755
BAC,2017-07-20,2017-07-27,0.007101316500086385,0.006101316500086385,hold_days,0.0017124009483309166,0.004388915551755469
BAC,2019-03-27,2019-04-03,0.06696276498178855,0.06596276498178855,hold_days,0.026427113017050807,0.03953565196473774
BAC,2019-05-28,2019-06-04,0.0007167942191319554,-0.0002832057808680446,hold_days,0.009719837188996161,-0.010003042969864206
BAC,2019-08-09,2019-08-16,-0.04588763645852323,-0.04688763645852323,hold_days,-0.010321175144906491,-0.03656646131361674
BAC,2019-08-27,2019-09-04,0.038534148944645796,0.037534148944645795,hold_days,0.02578541750280028,0.011748731441845517
BAC,2021-08-04,2021-08-11,0.09615895920506357,0.09515895920506356,hold_days,0.014086946652897003,0.08107201255216656
BAC,2022-08-04,2022-08-11,0.0751497165065802,0.0741497165065802,hold_days,0.014006579569565636,0.06014313693701456
BAC,2022-09-29,2022-10-06,0.026092627710672556,0.025092627710672555,hold_days,0.02647953619992438,-0.0013869084892518257
BAC,2024-09-10,2024-09-17,0.006873599851862311,0.005873599851862311,hold_days,0.01809395371378475,-0.01222035386192244
BA,2015-12-11,2015-12-18,-0.03484984687688497,-0.03584984687688497,hold_days,0.0008585163379146721,-0.036708363214799644
BA,2021-01-29,2021-02-05,0.07075539451893675,0.06975539451893675,hold_days,0.0438096496386724,0.025945744880264354
BA,2021-10-29,2021-11-05,0.08419073582254843,0.08319073582254843,hold_days,0.021308435361680367,0.06188230046086807
BA,2023-05-08,2023-05-15,0.02793272796848867,0.026932727968488668,hold_days,-0.000934305256840795,0.027867033225329463
CAT,2016-10-17,2016-10-24,-0.00619686828166488,-0.00719686828166488,hold_days,0.015716494290916483,-0.022913362572581364
CAT,2019-03-12,2019-03-19,0.012605616327187708,0.011605616327187707,hold_days,0.016659576035036094,-0.005053959707848388
CAT,2020-01-09,2020-01-16,0.0038015101436768006,0.0028015101436768006,hold_days,0.013077813863301646,-0.010276303719624846
CAT,2021-09-03,2021-09-13,-0.019822033844713927,-0.020822033844713927,hold_days,-0.013549080753537113,-0.007272953091176815
CAT,2024-11-04,2024-11-11,0.05317132488551746,0.052171324885517456,hold_days,0.04639060596923339,0.005780718916284067
CVX,2016-05-11,2016-05-18,-0.00021998610787143935,-0.0012199861078714394,hold_days,-0.0045957611802383,0.003375775072366861
CVX,2018-04-02,2018-04-09,0.03332147063807045,0.03232147063807045,hold_days,0.012774335556701155,0.019547135081369293
CVX,2019-05-28,2019-06-04,-0.008536852339728784,-0.009536852339728785,hold_days,0.009719837188996161,-0.019256689528724946
CVX,2019-12-05,2019-12-12,0.021318680427978798,0.020318680427978797,hold_days,0.020450926986106177,-0.00013224655812738018
CVX,2020-05-15,2020-05-22,0.027426913980195256,0.026426913980195255,hold_days,0.032664774760660764,-0.0062378607804655095
CVX,2026-08-07,2026-08-14,0.07204121704365374,0.07104121704365374,hold_days,0.0079438096416804,0.06309740740197334
CSCO,2017-03-23,2017-03-30,-0.006477922302242534,-0.007477922302242534,hold_days,0.010015839393118453,-0.017493761695360988
CSCO,2018-06-27,2018-07-05,0.013269888881875636,0.012269888881875635,hold_days,0.012828005252854213,-0.0005581163709785786
CSCO,2020-02-21,2020-02-24,-0.049675855542715586,-0.05067585554271559,market_dd,-0.03275835707111541,-0.01791749847160018
CSCO,2021-05-25,2021-06-02,-0.006565568676196398,-0.007565568676196398,hold_days,0.004301961070734661,-0.01186752974693106
CSCO,2023-10-25,2023-11-01,-0.004007742769082778,-0.005007742769082778,hold_days,0.012448433176796891,-0.01745617594587967
CSCO,2024-03-19,2024-03-26,0.008343422567247405,0.007343422567247405,hold_days,0.007034926266902719,0.00030849630034468587
CSCO,2026-09-08,2026-09-15,0.008244037198627652,0.007244037198627652,hold_days,-0.005119625977007325,0.012363663175634976
C,2015-09-22,2015-09-28,-0.026796555027313818,-0.02779655502731382,market_dd,-0.02882529690774016,0.0010287418804263426
C,2015-11-17,2015-11-24,0.012899511793281304,0.011899511793281303,hold_days,0.02021732778612928,-0.008317815992847977
C,2017-02-28,2017-03-07,0.011536593402904582,0.010536593402904582,hold_days,0.002667234731543733,0.007869358671360849
C,2017-04-18,2017-04-25,0.030640001830578134,0.029640001830578133,hold_days,0.025716740712009578,0.003923261118568555
C,2018-10-26,2018-11-02,0.03369736842003057,0.03269736842003057,hold_days,0.03129991834952506,0.0013974500705055126
C,2019-03-27,2019-04-03,0.0712990285702948,0.0702990285702948,hold_days,0.026427113017050807,0.04387191555324399
C,2020-08-04,2020-08-11,0.0721976041282748,0.0711976041282748,hold_days,0.01831835387105829,0.052879250257216515
C,2020-10-16,2020-10-23,0.017596732601196763,0.016596732601196762,hold_days,-0.006996763489070745,0.023593496090267507
C,2021-04-22,2021-04-29,0.057727953390085185,0.056727953390085184,hold_days,0.01637401143999484,0.040353941950090344
C,2021-10-25,2021-11-01,-0.01010170698993762,-0.01110170698993762,hold_days,0.0027450681881229233,-0.013846775178060544
C,2025-08-05,2025-08-12,0.046110140808885536,0.045110140808885535,hold_days,0.01679979230054962,0.028310348508335914
KO,2019-05-13,2019-05-20,0.01664942622976917,0.01564942622976917,hold_days,0.008032641906927651,0.007616784322841519
KO,2019-09-18,2019-09-25,-0.0011064091136151477,-0.0021064091136151477,hold_days,-0.00811119190059173,0.006004782786976582
KO,2021-08-20,2021-08-27,-0.01747884750977502,-0.01847884750977502,hold_days,0.012640028625816369,-0.03111887613559139
KO,2021-09-09,2021-09-16,-0.0016516790025538075,-0.0026516790025538075,hold_days,-0.004344519918842438,0.0016928409162886302
KO,2025-09-10,2025-09-17,-0.003920073146149061,-0.004920073146149061,hold_days,0.008549529422545499,-0.01346960256869456
KO,2025-10-31,2025-11-07,0.023947701279628975,0.022947701279628974,hold_days,-0.008216189002022811,0.031163890281651785
COP,2019-05-06,2019-05-13,-0.00622515022658765,-0.00722515022658765,market_dd,-0.041733449760875674,0.03450829953428802
COP,2019-08-27,2019-09-04,0.04550818723225891,0.04450818723225891,hold_days,0.02578541750280028,0.018722769729458633
COST,2015-11-11,2015-11-18,0.03107634941990689,0.03007634941990689,hold_days,0.006788341288748834,0.023288008131158056
COST,2024-09-05,2024-09-12,0.03278866639597,0.03178866639597,hold_days,0.008714713851833755,0.023073952544136245
COST,2025-09-18,2025-09-25,-0.009502638278780506,-0.010502638278780507,hold_days,-0.005827457451624496,-0.004675180827156011
DHR,2017-11-14,2017-11-21,0.010623452031932823,0.009623452031932822,hold_days,0.010241316089647734,-0.0006178640577149119
DHR,2021-09-30,2021-10-07,-0.006011310299375183,-0.007011310299375183,hold_days,0.023186907596268957,-0.03019821789564414
DHR,2024-04-08,2024-04-15,-0.018792159684147935,-0.019792159684147936,hold_days,-0.0279057938987054,0.008113634214557464
DHR,2026-04-28,2026-05-05,-0.024304358631254797,-0.025304358631254797,hold_days,0.013691707465726122,-0.03899606609698092
DE,2019-08-07,2019-08-14,-0.05335929042322751,-0.05435929042322751,hold_days,-0.013433974264904669,-0.040925316158322844
DE,2020-09-23,2020-09-30,0.036549512078866364,0.03554951207886636,hold_days,0.03524545053496375,0.00030406154390261175
DE,2021-06-16,2021-06-23,0.033247885436389124,0.03224788543638912,hold_days,0.0002530767119302002,0.03199480872445892
DE,2022-03-31,2022-04-07,-0.01444184920193503,-0.015441849201935032,hold_days,-0.0027327111146586702,-0.012709138087276362
DE,2025-08-05,2025-08-12,-0.005367891007570513,-0.006367891007570513,hold_days,0.01679979230054962,-0.023167683308120135
DE,2026-04-28,2026-05-05,0.02115775537829445,0.02015775537829445,hold_days,0.013691707465726122,0.006466047912568329
DOV,2016-04-07,2016-04-14,0.053252503927220696,0.052252503927220695,hold_days,0.022829573922413804,0.02942293000480689
DOV,2019-03-12,2019-03-19,0.022224497628794193,0.021224497628794192,hold_days,0.016659576035036094,0.004564921593758098
DOV,2019-08-07,2019-08-14,-0.02431197906693794,-0.02531197906693794,hold_days,-0.013433974264904669,-0.01187800480203327
DOV,2022-04-04,2022-04-11,-0.05508764881774508,-0.056087648817745084,market_dd,-0.02281879460319247,-0.03326885421455261
DOV,2025-09-29,2025-10-06,-0.0007201492582185054,-0.0017201492582185054,hold_days,0.016383876916671314,-0.01810402617488982
DOV,2026-05-21,2026-05-29,0.019774118687082565,0.018774118687082564,hold_days,0.015628980864114572,0.0031451378229679916
XOM,2016-01-06,2016-01-08,-0.03588498274037455,-0.03688498274037455,market_dd,-0.036689928228579194,-0.00019505451179535616
XOM,2018-03-27,2018-04-04,0.01587548955988649,0.01487548955988649,hold_days,0.014373838103428405,0.0005016514564580854
XOM,2019-12-05,2019-12-12,0.028212103396230814,0.027212103396230813,hold_days,0.020450926986106177,0.006761176410124636
XOM,2020-05-15,2020-05-22,0.06190473540961383,0.06090473540961383,hold_days,0.032664774760660764,0.028239960648953066
XOM,2021-05-27,2021-06-04,0.04935113542927816,0.04835113542927816,hold_days,0.00772691647596746,0.0406242189533107
XOM,2025-05-30,2025-06-06,0.01925705451065074,0.01825705451065074,hold_days,0.013813992577728973,0.004443061932921766
GS,2016-08-04,2016-08-11,0.03676027833201023,0.03576027833201023,hold_days,0.011701250616401593,0.02405902771560864
GS,2017-02-28,2017-03-07,0.01144861556383514,0.01044861556383514,hold_days,0.002667234731543733,0.007781380832291407
GS,2017-06-02,2017-06-09,0.04280133492211946,0.04180133492211946,hold_days,-0.0009474465666676757,0.042748781488787135
GS,2017-06-27,2017-07-05,0.03522775553080648,0.03422775553080648,hold_days,0.0024890973876685596,0.03173865814313792
GS,2019-08-27,2019-09-04,0.024870372831645282,0.02387037283164528,hold_days,0.02578541750280028,-0.0019150446711549973
GS,2021-03-31,2021-04-08,0.012660329349983401,0.0116603293499834,hold_days,0.02292513406234198,-0.011264804712358578
GS,2022-06-22,2022-06-29,0.06586054422011567,0.06486054422011567,hold_days,0.01602572912579925,0.04883481509431642
GS,2024-09-05,2024-09-12,-0.0283266490794708,-0.0293266490794708,hold_days,0.008714713851833755,-0.038041362931304556
HD,2016-08-08,2016-08-15,0.0062402927641616035,0.0052402927641616035,hold_days,0.006854717397043908,-0.0016144246328823044
HD,2017-11-06,2017-11-13,0.006881263384290293,0.005881263384290293,hold_days,0.0023423735103900167,0.003538889873900276
HD,2019-05-03,2019-05-10,-0.029816492953847362,-0.030816492953847363,hold_days,-0.022444175818053025,-0.008372317135794338
HD,2019-09-24,2019-10-01,0.025154398843015624,0.024154398843015623,hold_days,-0.008664702011198733,0.032819100854214356
HD,2025-03-06,2025-03-13,-0.08455269306726787,-0.08555269306726787,market_dd,-0.03334965245711086,-0.052203040610157014
HD,2025-11-10,2025-11-17,-0.033474568230230206,-0.03447456823023021,hold_days,-0.006993944473615787,-0.02748062375661442
HON,2018-10-26,2018-11-02,0.028042254857321147,0.027042254857321146,hold_days,0.03129991834952506,-0.004257663492203911
HON,2021-10-04,2021-10-11,0.005041937747390923,0.004041937747390923,hold_days,0.013130019952448446,-0.009088082205057524
HON,2026-03-24,2026-03-30,0.008620295169449399,0.007620295169449399,market_dd,-0.017388710053545253,0.02500900522299465
IBM,2021-09-16,2021-09-23,0.0021988326957107507,0.0011988326957107507,hold_days,-0.0017213956013714116,0.0029202282970821622
JNJ,2018-12-21,2018-12-31,0.007494757743738312,0.006494757743738312,hold_days,0.040915676841224435,-0.034420919097486125
JNJ,2021-06-22,2021-06-29,0.002505916642755679,0.001505916642755679,hold_days,0.011007980929102379,-0.0095020642863467
JNJ,2022-02-16,2022-02-22,-0.030115552794163447,-0.031115552794163448,market_dd,-0.032116203154615164,0.0010006503604517158
JNJ,2026-05-06,2026-05-13,0.025821354647531436,0.024821354647531435,hold_days,-0.004979812226960867,0.029801166874492302
JNJ,2026-08-31,2026-09-08,0.012300127660702875,0.011300127660702874,hold_days,-0.012098217248530996,0.02339834490923387
JPM,2016-03-31,2016-04-07,-0.02491753195915658,-0.02591753195915658,hold_days,-0.004255811154215361,-0.02166172080494122
JPM,2016-05-17,2016-05-24,0.04670776999509996,0.045707769995099956,hold_days,0.02079326414522442,0.024914505849875535
JPM,2018-06-29,2018-07-09,0.035153290713470176,0.034153290713470175,hold_days,0.023913599861947077,0.010239690851523098
JPM,2018-10-26,2018-11-02,0.04795995052990998,0.04695995052990998,hold_days,0.03129991834952506,0.01566003218038492
JPM,2019-05-15,2019-05-22,0.008371492716468198,0.0073714927164681985,hold_days,0.00020270782928011322,0.007168784887188085
JPM,2019-08-09,2019-08-16,-0.018407310190390547,-0.019407310190390548,hold_days,-0.010321175144906491,-0.009086135045484056
JPM,2020-02-20,2020-02-24,-0.03876643337873109,-0.03976643337873109,market_dd,-0.04026762049987098,0.00050118712113989
JPM,2021-01-29,2021-02-05,0.07235549743601455,0.07135549743601455,hold_days,0.0438096496386724,0.02754584779734215
JPM,2022-07-05,2022-07-12,0.003107694342482592,0.002107694342482592,hold_days,-0.0032961158440670824,0.005403810186549674
JPM,2024-05-07,2024-05-14,0.05089938887881851,0.04989938887881851,hold_days,0.013094176827826098,0.03680521205099241
JPM,2025-08-05,2025-08-12,0.005079315130915196,0.004079315130915196,hold_days,0.01679979230054962,-0.012720477169634425
LMT,2015-09-22,2015-09-28,-0.016890987893298237,-0.017890987893298238,market_dd,-0.02882529690774016,0.010934309014441923
LMT,2015-12-17,2015-12-24,0.015519307820881734,0.014519307820881733,hold_days,0.010580041478424729,0.003939266342457004
LMT,2016-06-02,2016-06-09,0.011941925069304471,0.01094192506930447,hold_days,0.007449047411786092,0.0034928776575183784
LMT,2021-01-06,2021-01-13,-0.007297990916995123,-0.008297990916995124,hold_days,0.015878124306991204,-0.024176115223986328
LMT,2022-03-18,2022-03-25,0.06447990871585563,0.06347990871585563,hold_days,0.014206079446661635,0.04927382926919399
LMT,2022-04-25,2022-04-29,-0.02431761940617827,-0.02531761940617827,market_dd,-0.03483586267911076,0.009518243272932492
LMT,2022-09-15,2022-09-22,0.020527539566041586,0.019527539566041585,market_dd,-0.03599851653128017,0.05552605609732175
MCD,2015-11-17,2015-11-24,0.03010626594694621,0.029106265946946208,hold_days,0.02021732778612928,0.008888938160816928
MCD,2018-10-15,2018-10-22,0.01808475368610485,0.017084753686104848,hold_days,-0.0018124105336531082,0.018897164219757956
MCD,2021-01-06,2021-01-13,0.005165926736774518,0.004165926736774518,hold_days,0.015878124306991204,-0.011712197570216687
MCD,2026-08-31,2026-09-08,-0.02243207396243685,-0.02343207396243685,hold_days,-0.012098217248530996,-0.011333856713905854
MRK,2016-09-16,2016-09-23,0.010918521170592665,0.009918521170592665,hold_days,0.01478582890253044,-0.0048673077319377756
MRK,2018-03-27,2018-04-04,0.014697384072200892,0.013697384072200891,hold_days,0.014373838103428405,-0.0006764540312275136
MRK,2021-04-12,2021-04-19,0.018892510939128027,0.017892510939128026,hold_days,0.00812874722313528,0.009763763715992746
MRK,2022-01-26,2022-02-02,0.036264996168089425,0.035264996168089424,hold_days,0.048390015706693656,-0.013125019538604232
MRK,2023-11-14,2023-11-21,0.0003914592814839857,-0.0006085407185160143,hold_days,0.013189308486718732,-0.013797849205234747
MSFT,2017-01-04,2017-01-11,0.014285813112432821,0.01328581311243282,hold_days,0.007283584823142064,0.006002228289290756
MSFT,2017-03-23,2017-03-30,0.012948935836059716,0.011948935836059715,hold_days,0.010015839393118453,0.0019330964429412623
MSFT,2018-06-19,2018-06-26,-0.017647995355419388,-0.01864799535541939,hold_days,-0.01784138897211185,-0.0008066063833075399
MSFT,2024-04-08,2024-04-15,-0.025789635389101062,-0.026789635389101063,hold_days,-0.0279057938987054,0.001116158509604337
NKE,2016-09-13,2016-09-20,-0.009030367542086304,-0.010030367542086305,hold_days,0.01060455098866453,-0.020634918530750834
NKE,2021-06-14,2021-06-21,-0.009744317504385647,-0.010744317504385648,hold_days,-0.009571016518766573,-0.0011733009856190746
NKE,2022-10-24,2022-10-31,0.053062257457894724,0.05206225745789472,hold_days,0.03274597624707232,0.019316281210822406
NKE,2024-01-24,2024-01-31,0.007642107329320913,0.006642107329320913,hold_days,0.0031355387826266234,0.0035065685466942895
DIS,2017-08-14,2017-08-21,-0.0022682042535707714,-0.0032682042535707714,hold_days,-0.014960601885458336,0.011692397631887563
DIS,2026-08-31,2026-09-08,-0.023152072733701012,-0.024152072733701013,hold_days,-0.012098217248530996,-0.012053855485170017
GOOGL,2016-01-20,2016-01-27,-0.0013640552679266005,-0.0023640552679266005,hold_days,0.011509117326939489,-0.01387317259486609
GOOGL,2019-08-27,2019-09-04,0.00977948322138067,0.008779483221380668,hold_days,0.02578541750280028,-0.01700593428141961
GOOGL,2020-12-16,2020-12-23,-0.016480661186583756,-0.017480661186583757,hold_days,-0.004119756803492192,-0.013360904383091565
GOOGL,2021-12-03,2021-12-10,0.04225311930119591,0.041253119301195906,hold_days,0.03479373711407763,0.006459382187118279
GOOGL,2026-07-21,2026-07-28,-0.038715251021630315,-0.039715251021630316,hold_days,0.019558449808814382,-0.0592737008304447
NVDA,2015-07-24,2015-07-31,0.027291729584169477,0.026291729584169476,hold_days,0.017091060447113948,0.009200669137055528
NVDA,2016-05-03,2016-05-10,0.010964161355099478,0.009964161355099477,hold_days,0.00868661218603517,0.001277549169064307
NVDA,2019-10-01,2019-10-08,0.018563183898491653,0.017563183898491652,hold_days,-0.016689772240516487,0.03425295613900814
NVDA,2021-01-29,2021-02-05,0.046286527182498594,0.04528652718249859,hold_days,0.0438096496386724,0.0014768775438261939
NVDA,2026-06-09,2026-06-16,-0.003746581659719306,-0.004746581659719306,hold_days,0.012627351207602278,-0.017373932867321584
TSLA,2019-08-27,2019-09-04,0.030829566335457637,0.029829566335457636,hold_days,0.02578541750280028,0.004044148832657357
META,2016-04-13,2016-04-20,0.017283326249564857,0.016283326249564856,hold_days,0.010591433210203727,0.005691893039361129
META,2016-11-16,2016-11-23,0.03867956413606621,0.03767956413606621,hold_days,0.015687681314849655,0.021991882821216557
META,2017-06-29,2017-07-07,0.0026484369509940375,0.0016484369509940375,hold_days,0.0031940956803955256,-0.001545658729401488
NFLX,2017-08-14,2017-08-21,-0.024795308591713083,-0.025795308591713084,hold_days,-0.014960601885458336,-0.010834706706254749
NFLX,2025-09-16,2025-09-23,0.014960288395695631,0.01396028839569563,hold_days,0.010377224550753628,0.0035830638449420027
PEP,2017-10-27,2017-11-03,-0.0034357807610174707,-0.004435780761017471,hold_days,0.0017173896632283192,-0.00615317042424579
PEP,2019-09-24,2019-10-01,0.014849123867561653,0.013849123867561652,hold_days,-0.008664702011198733,0.022513825878760385
PEP,2021-09-09,2021-09-16,-0.0010916772686727638,-0.002091677268672764,hold_days,-0.004344519918842438,0.002252842650169674
WMT,2015-09-22,2015-09-28,0.00110086620903882,0.00010086620903881991,market_dd,-0.02882529690774016,0.02892616311677898
WMT,2016-01-15,2016-01-25,0.024544195404831548,0.023544195404831547,hold_days,-0.003571448740426253,0.0271156441452578
WMT,2019-10-31,2019-11-07,0.025328074803502965,0.024328074803502964,hold_days,0.020218565412109424,0.00410950939139354
WMT,2021-11-19,2021-11-29,0.0016851620098978781,0.0006851620098978781,hold_days,-0.006300399520665967,0.006985561530563845
WMT,2022-12-13,2022-12-15,-0.014441524461253352,-0.015441524461253353,market_dd,-0.028461534385351595,0.013020009924098241
TGT,2018-07-02,2018-07-10,0.033390826655028016,0.032390826655028016,hold_days,0.025942018888002627,0.0064488077670253885
TGT,2018-07-16,2018-07-23,0.019168677573653037,0.018168677573653036,hold_days,0.005480498303684911,0.012688179269968125
TGT,2018-10-23,2018-10-24,-0.00483852706812371,-0.00583852706812371,market_dd,-0.03055059766320567,0.02471207059508196
TGT,2019-05-03,2019-05-10,-0.017118928228187058,-0.01811892822818706,hold_days,-0.022444175818053025,0.004325247589865966
TGT,2021-08-04,2021-08-11,0.009519101039642264,0.008519101039642263,hold_days,0.014086946652897003,-0.0055678456132547405
TGT,2021-10-06,2021-10-13,0.04373301621756909,0.042733016217569086,hold_days,-3.0730083788732543e-06,0.04273608922594796
TGT,2025-02-05,2025-02-12,-0.048980587382025376,-0.04998058738202538,hold_days,-0.002938121977089647,-0.04704246540493573
TGT,2025-09-17,2025-09-24,-0.006971863674504086,-0.007971863674504087,hold_days,0.005314851964789424,-0.013286715639293512
LOW,2015-11-06,2015-11-13,-0.04170099451310583,-0.04270099451310583,market_dd,-0.035512200694839846,-0.007188793818265982
LOW,2017-06-27,2017-07-05,0.013625120305585048,0.012625120305585047,hold_days,0.0024890973876685596,0.010136022917916487
LOW,2017-11-01,2017-11-08,-0.022897749349038654,-0.023897749349038655,hold_days,0.009763714401605172,-0.03366146375064383
LOW,2021-05-21,2021-05-28,0.012261658407125342,0.011261658407125341,hold_days,0.008422099263239335,0.0028395591438860057
LOW,2021-06-14,2021-06-21,-0.004112855472514276,-0.005112855472514276,hold_days,-0.009571016518766573,0.004458161046252297
LOW,2025-02-14,2025-02-24,-0.05842172542972235,-0.05942172542972235,hold_days,-0.005643959900722084,-0.053777765529000265
UNH,2015-11-06,2015-11-13,-0.02961395837479086,-0.03061395837479086,market_dd,-0.035512200694839846,0.004898242320048984
UNH,2016-05-17,2016-05-24,0.023386702029122297,0.022386702029122296,hold_days,0.02079326414522442,0.0015934378838978747
UNH,2019-06-28,2019-07-08,0.01569610905271479,0.01469610905271479,hold_days,0.011976312553745316,0.0027197964989694734
UNH,2020-11-30,2020-12-07,0.03797217000235742,0.03697217000235742,hold_days,0.020720151866960634,0.016252018135396784
UNH,2021-01-29,2021-02-05,-0.027190122862994826,-0.028190122862994826,hold_days,0.0438096496386724,-0.07199977250166723
UNH,2022-04-04,2022-04-11,0.05376239312868014,0.05276239312868014,market_dd,-0.02281879460319247,0.07558118773187261
UNH,2026-03-25,2026-03-27,-0.042616853066651084,-0.043616853066651085,market_dd,-0.022764536199584517,-0.020852316867066567
PFE,2019-06-28,2019-07-08,-0.000462061720188256,-0.001462061720188256,hold_days,0.011976312553745316,-0.013438374273933573
PFE,2020-06-15,2020-06-22,-0.007493856672833532,-0.008493856672833533,hold_days,0.012233771948823913,-0.020727628621657446
PFE,2021-03-02,2021-03-09,0.02805170866727602,0.02705170866727602,hold_days,0.005885378841367084,0.021166329825908936
PFE,2021-10-15,2021-10-22,0.04025081485238502,0.03925081485238502,hold_days,0.01825080591174366,0.021000008940641357
PFE,2023-09-05,2023-09-12,-0.03476542543474759,-0.03576542543474759,hold_days,-0.003605636279981561,-0.03215978915476603
PFE,2023-09-13,2023-09-20,-0.013497823384941876,-0.014497823384941877,hold_days,-0.01003529939786385,-0.0044625239870780264
PFE,2025-01-17,2025-01-27,0.03817699201605329,0.03717699201605329,hold_days,0.025484275347072538,0.011692716668980752
PFE,2025-09-08,2025-09-15,-0.023625142451984105,-0.024625142451984106,hold_days,0.007858697559092853,-0.03248384001107696
LLY,2018-10-26,2018-11-02,0.0033836498714026053,0.0023836498714026053,hold_days,0.03129991834952506,-0.028916268478122453
LLY,2019-05-09,2019-05-16,0.01368604481418112,0.012686044814181119,hold_days,0.00035681444191393297,0.012329230372267186
LLY,2020-11-03,2020-11-10,0.11894984170840228,0.11794984170840228,hold_days,0.06032256443215722,0.05762727727624506
BMY,2016-09-07,2016-09-14,-0.02368760661360425,-0.02468760661360425,hold_days,-0.02732455249583099,0.0026369458822267378
BMY,2017-10-18,2017-10-25,0.0047095615290908555,0.0037095615290908554,hold_days,0.0040034647657345435,-0.000293903236643688
BMY,2018-11-29,2018-12-07,0.024314861400863697,0.023314861400863696,market_dd,-0.035652593504165275,0.05896745490502897
BMY,2020-10-19,2020-10-26,-0.018101373969684365,-0.019101373969684365,hold_days,-0.01248892731781126,-0.006612446651873105
BMY,2023-03-02,2023-03-09,-0.0387340044237614,-0.039734004423761404,hold_days,-0.019395853109995476,-0.02033815131376593
BMY,2025-09-08,2025-09-15,-0.007919523789761351,-0.008919523789761352,hold_days,0.007858697559092853,-0.016778221348854205
GILD,2016-08-02,2016-08-09,-0.003015823541587692,-0.004015823541587692,hold_days,0.01250249198057074,-0.016518315522158433
GILD,2018-03-05,2018-03-12,0.04029798967514364,0.03929798967514364,hold_days,0.02375570823502282,0.01554228144012082
GILD,2019-03-04,2019-03-11,-0.016959379573092903,-0.017959379573092904,hold_days,-0.0017463538414981272,-0.016213025731594777
GILD,2019-12-09,2019-12-16,-0.0028338217590577752,-0.0038338217590577752,hold_days,0.02079044493852411,-0.024624266697581887
GILD,2021-10-20,2021-10-27,-0.00134600531352691,-0.00234600531352691,hold_days,0.0007571289123784464,-0.0031031342259053565
GILD,2022-06-08,2022-06-10,-0.026290491022542217,-0.027290491022542218,market_dd,-0.04726442640102968,0.019973935378487462
GILD,2024-06-05,2024-06-12,0.007200964687053224,0.006200964687053224,hold_days,0.00013385988875080912,0.006067104798302415
GILD,2025-05-08,2025-05-15,0.022208703547717867,0.021208703547717866,hold_days,0.03324567942109602,-0.012036975873378153
CVS,2015-09-22,2015-09-28,-0.03678893965005059,-0.03778893965005059,market_dd,-0.02882529690774016,-0.00896364274231043
CVS,2016-06-15,2016-06-22,-0.02384910645040672,-0.02484910645040672,hold_days,0.0057816433789572574,-0.03063074982936398
CVS,2017-06-20,2017-06-27,0.03484173153197645,0.03384173153197645,hold_days,-0.006879426331793059,0.04072115786376951
CVS,2017-12-07,2017-12-14,-0.0040791870033022315,-0.0050791870033022315,hold_days,0.005596697433933651,-0.010675884437235883
CVS,2020-08-28,2020-09-04,-0.0469861440006234,-0.0479861440006234,hold_days,-0.015666083645690332,-0.03232006035493307
CVS,2022-09-02,2022-09-12,0.03620282283440024,0.03520282283440024,hold_days,0.04417455142495563,-0.008971728590555395
TMO,2017-06-14,2017-06-21,0.0059000766257690795,0.0049000766257690795,hold_days,0.000893006672372243,0.0040070699533968366
TMO,2019-11-07,2019-11-14,0.024868613637483383,0.023868613637483382,hold_days,0.0042476879365489495,0.019620925700934433
TMO,2024-04-08,2024-04-15,-0.03616112813770633,-0.037161128137706334,hold_days,-0.0279057938987054,-0.009255334239000934
TMO,2025-09-19,2025-09-26,-0.031986327835770045,-0.032986327835770046,hold_days,0.0005069049232877543,-0.0334932327590578
TMO,2025-09-29,2025-10-06,0.17727909303233647,0.17627909303233646,hold_days,0.016383876916671314,0.15989521611566515
MDT,2016-10-13,2016-10-20,0.008522681897606521,0.007522681897606521,hold_days,0.0067717081930507295,0.0007509737045557916
MDT,2018-06-29,2018-07-09,0.023708173463982574,0.022708173463982573,hold_days,0.023913599861947077,-0.0012054263979645041
MDT,2020-06-26,2020-07-06,0.050016983747938504,0.0490169837479385,hold_days,0.056639958571757854,-0.007622974823819351
MDT,2021-06-30,2021-07-08,0.026665573997934677,0.025665573997934676,hold_days,0.00018795334710941525,0.02547762065082526
MDT,2021-12-03,2021-12-10,0.05202595934637677,0.05102595934637677,hold_days,0.03479373711407763,0.016232222232299143
MDT,2023-08-28,2023-09-05,-0.014620724871556967,-0.015620724871556968,hold_days,0.00872905713410188,-0.02434978200565885
MDT,2023-09-29,2023-10-06,-0.02858595785284679,-0.02958595785284679,hold_days,-0.00547897192103497,-0.02410698593181182
MDT,2024-11-04,2024-11-11,-0.011644911704062566,-0.012644911704062567,hold_days,0.04639060596923339,-0.059035517673295956
MDT,2026-03-24,2026-03-30,-0.0016166684206345705,-0.0026166684206345705,market_dd,-0.017388710053545253,0.014772041632910682
MDT,2026-04-01,2026-04-09,0.021496725478614698,0.020496725478614697,hold_days,0.02715533046561802,-0.006658604987003325
SYK,2015-09-03,2015-09-11,0.030720521910659215,0.029720521910659214,hold_days,0.0075859579758028595,0.022134563934856355
SYK,2018-05-31,2018-06-07,0.023732941565065113,0.022732941565065112,hold_days,0.02703629412997932,-0.004303352564914209
SYK,2021-04-30,2021-05-07,-0.029890243312180154,-0.030890243312180155,hold_days,0.02138652980439759,-0.052276773116577746
SYK,2025-11-10,2025-11-17,0.014393630778310351,0.01339363077831035,hold_days,-0.006993944473615787,0.020387575251926138
BDX,2016-01-13,2016-01-21,0.0019098905516905518,0.0009098905516905518,hold_days,-0.014135482772093866,0.015045373323784417
BDX,2018-10-26,2018-11-02,0.028733396331775296,0.027733396331775295,hold_days,0.03129991834952506,-0.0035665220177497625
BDX,2023-09-08,2023-09-15,-0.01132102277343705,-0.012321022773437051,hold_days,0.0019865631706545983,-0.01430758594409165
BDX,2026-01-27,2026-02-03,0.015241026437228689,0.014241026437228688,hold_days,0.006599687362071283,0.007641339075157405
BDX,2026-03-24,2026-03-30,-0.007888591574875203,-0.008888591574875204,market_dd,-0.017388710053545253,0.008500118478670049
ISRG,2017-06-14,2017-06-21,0.05237185025650937,0.051371850256509366,hold_days,0.000893006672372243,0.05047884358413712
ISRG,2018-05-17,2018-05-24,-0.00028390304710945724,-0.0012839030471094573,hold_days,0.009277477980208282,-0.01056138102731774
ISRG,2018-06-27,2018-07-05,0.023090357952965324,0.022090357952965323,hold_days,0.012828005252854213,0.00926235270011111
ISRG,2018-10-23,2018-10-24,-0.04698874983012091,-0.047988749830120914,market_dd,-0.03055059766320567,-0.017438152166915244
ISRG,2022-05-11,2022-05-18,0.021245369611918585,0.020245369611918584,hold_days,0.00040566393021879144,0.019839705681699793
ISRG,2024-08-28,2024-09-05,-0.011447272166665856,-0.012447272166665857,hold_days,-0.005580909545886414,-0.006866362620779443
ISRG,2025-07-28,2025-08-04,-0.021439470783999326,-0.022439470783999327,hold_days,-0.017031299545453793,-0.005408171238545534
ORCL,2018-05-31,2018-06-07,0.020548111921458334,0.019548111921458333,hold_days,0.02703629412997932,-0.007488182208520988
ORCL,2019-12-19,2019-12-27,0.004131997572022206,0.0031319975720222057,hold_days,0.010359303169767298,-0.007227305597745092
ORCL,2020-04-23,2020-04-30,0.019242139041957262,0.01824213904195726,hold_days,0.039345665989989564,-0.021103526948032303
CRM,2017-12-01,2017-12-08,-0.0037561019808645124,-0.0047561019808645124,hold_days,0.004203001999749656,-0.00895910398061417
CRM,2019-01-28,2019-02-04,0.07052199218369037,0.06952199218369037,hold_days,0.036755064156477335,0.03276692802721304
CRM,2021-01-14,2021-01-22,0.0471705557019686,0.046170555701968596,hold_days,-0.0016818516470874512,0.04785240734905605
INTC,2015-09-28,2015-10-05,0.08518792632455852,0.08418792632455852,hold_days,0.05916856378011781,0.025019362544440704
INTC,2016-05-03,2016-05-10,0.0013286360508029116,0.00032863605080291156,hold_days,0.00868661218603517,-0.008357976135232259
INTC,2019-08-07,2019-08-14,-0.018403345470652255,-0.019403345470652256,hold_days,-0.013433974264904669,-0.005969371205747587
INTC,2020-09-10,2020-09-17,0.027777690964626123,0.026777690964626122,hold_days,0.01748693606031937,0.009290754904306753
INTC,2022-05-24,2022-06-01,0.05855554127937124,0.057555541279371236,hold_days,0.035900516459322684,0.021655024820048552
AMD,2023-09-19,2023-09-26,-0.05560477799370578,-0.05660477799370578,market_dd,-0.03485727820676754,-0.02174749978693824
AMD,2023-10-17,2023-10-20,-0.031672073905133935,-0.032672073905133936,market_dd,-0.02774255343117582,-0.0049295204739581155
QCOM,2016-01-20,2016-01-27,0.0348350925555212,0.033835092555521196,hold_days,0.011509117326939489,0.022325975228581707
QCOM,2016-12-20,2016-12-28,-0.017337014788879057,-0.018337014788879058,hold_days,-0.008727250965124944,-0.009609763823754114
QCOM,2017-08-10,2017-08-17,-0.0013377490668979863,-0.0023377490668979864,hold_days,-0.0005252876568211384,-0.001812461410076848
QCOM,2026-08-20,2026-08-27,0.025133732815359577,0.024133732815359576,hold_days,0.005563725530251862,0.018570007285107715
TXN,2016-04-11,2016-04-18,0.019543474129867233,0.018543474129867232,hold_days,0.029544282729494498,-0.011000808599627265
TXN,2022-09-15,2022-09-22,-0.0003073516428150347,-0.0013073516428150347,market_dd,-0.03599851653128017,0.03469116488846513
TXN,2024-09-10,2024-09-17,0.007957982253991025,0.006957982253991025,hold_days,0.01809395371378475,-0.011135971459793725
AVGO,2020-07-15,2020-07-22,6.37523322843947e-05,-0.0009362476677156053,hold_days,0.01782026681976845,-0.018756514487484055
AVGO,2021-01-06,2021-01-13,0.06052259620896483,0.05952259620896483,hold_days,0.015878124306991204,0.043644471901973625
AVGO,2026-05-21,2026-05-29,0.07767080146406058,0.07667080146406058,hold_days,0.015628980864114572,0.061041820599946006
MU,2016-12-05,2016-12-12,0.07576557000777973,0.07476557000777972,hold_days,0.025630776978596392,0.04913479302918333
MU,2017-04-26,2017-05-03,0.04516619293115198,0.04416619293115198,hold_days,-0.0008151363579266269,0.04498132928907861
MU,2020-10-30,2020-11-06,0.09574898801156029,0.09474898801156029,hold_days,0.06682708899951906,0.02792189901204123
INTU,2023-09-25,2023-10-02,0.018669736549218552,0.01766973654921855,hold_days,-0.017697077867040445,0.035366814416258996
INTU,2023-10-17,2023-10-20,-0.05933788454867106,-0.06033788454867106,market_dd,-0.02774255343117582,-0.03259533111749524
INTU,2024-08-07,2024-08-14,0.04477825225808507,0.04377825225808507,hold_days,0.03670270490341321,0.007075547354671863
INTU,2025-12-01,2025-12-08,0.03897914213738107,0.03797914213738107,hold_days,0.0033356624641678323,0.03464347967321324
MA,2015-11-17,2015-11-24,0.004384727979579006,0.003384727979579006,hold_days,0.02021732778612928,-0.016832599806550275
MA,2016-05-17,2016-05-24,0.009205011976719968,0.008205011976719967,hold_days,0.02079326414522442,-0.012588252168504455
MA,2017-11-17,2017-11-27,0.026506184841019964,0.025506184841019963,hold_days,0.010124758790970967,0.015381426050048996
MA,2018-05-31,2018-06-07,0.04954769214780508,0.04854769214780508,hold_days,0.02703629412997932,0.021511398017825756
MA,2025-07-15,2025-07-22,0.015262929132136005,0.014262929132136004,hold_days,0.013851746809651067,0.0004111823224849376
WFC,2016-03-31,2016-04-07,-0.029569548404687618,-0.03056954840468762,hold_days,-0.004255811154215361,-0.026313737250472258
WFC,2016-05-03,2016-05-10,-0.004433666760695232,-0.005433666760695232,hold_days,0.00868661218603517,-0.014120278946730402
WFC,2016-06-07,2016-06-14,-0.06743549526080439,-0.06843549526080439,hold_days,-0.015894240347446686,-0.052541254913357704
WFC,2018-08-15,2018-08-22,0.0203483662028352,0.0193483662028352,hold_days,0.01649068334098125,0.0028576828618539496
WFC,2019-09-24,2019-10-01,0.008427202924262689,0.007427202924262689,hold_days,-0.008664702011198733,0.01609190493546142
WFC,2020-06-30,2020-07-08,-0.04101594191531843,-0.04201594191531843,hold_days,0.01788074295856812,-0.05989668487388655
WFC,2025-06-17,2025-06-25,0.0906207966510355,0.0896207966510355,hold_days,0.012471121646682848,0.07714967500435266
MS,2015-11-19,2015-11-27,-0.011413453251589933,-0.012413453251589934,hold_days,0.0077607805222690285,-0.020174233773858963
MS,2016-05-17,2016-05-24,0.047783031929892195,0.046783031929892194,hold_days,0.02079326414522442,0.025989767784667772
MS,2016-08-04,2016-08-11,0.03889692167867631,0.03789692167867631,hold_days,0.011701250616401593,0.026195671062274717
MS,2017-02-28,2017-03-07,0.014451820330140919,0.013451820330140918,hold_days,0.002667234731543733,0.010784585598597185
MS,2017-08-15,2017-08-22,-0.018522510399699765,-0.019522510399699766,hold_days,-0.005013008602117619,-0.014509501797582147
MS,2019-03-27,2019-04-03,0.07275841766465607,0.07175841766465607,hold_days,0.026427113017050807,0.045331304647605264
MS,2024-08-07,2024-08-14,0.07957880650502402,0.07857880650502402,hold_days,0.03670270490341321,0.041876101601610816
MS,2025-08-05,2025-08-12,0.04862574043415391,0.04762574043415391,hold_days,0.01679979230054962,0.030825948133604286
BLK,2016-05-17,2016-05-24,0.03543355473617704,0.03443355473617704,hold_days,0.02079326414522442,0.01364029059095262
BLK,2016-10-03,2016-10-10,-0.003527512909936359,-0.004527512909936359,hold_days,-0.0017637812578481515,-0.0027637316520882074
BLK,2018-05-31,2018-06-07,0.03347944428452898,0.03247944428452898,hold_days,0.02703629412997932,0.0054431501545496586
BLK,2019-05-15,2019-05-22,-0.011747223715525057,-0.012747223715525058,hold_days,0.00020270782928011322,-0.012949931544805171
BLK,2021-10-06,2021-10-13,0.036129253168120545,0.035129253168120544,hold_days,-3.0730083788732543e-06,0.03513232617649942
BLK,2024-08-07,2024-08-14,0.02105161044404591,0.02005161044404591,hold_days,0.03670270490341321,-0.0166510944593673
SCHW,2017-04-07,2017-04-17,-0.0441108308351813,-0.045110830835181304,hold_days,-0.0036216814467598946,-0.04148914938842141
SCHW,2018-08-23,2018-08-30,0.007773595715187875,0.006773595715187875,hold_days,0.014582380265015349,-0.0078087845498274735
SCHW,2023-03-06,2023-03-09,-0.13224548738277264,-0.13324548738277264,market_dd,-0.032347645695501526,-0.10089784168727112
USB,2015-11-17,2015-11-24,0.019525523754783336,0.018525523754783335,hold_days,0.02021732778612928,-0.0016918040313459448
USB,2019-08-09,2019-08-16,-0.009660838557186802,-0.010660838557186803,hold_days,-0.010321175144906491,-0.00033966341228031105
USB,2019-08-27,2019-09-04,0.027821359482957053,0.026821359482957052,hold_days,0.02578541750280028,0.0010359419801567737
USB,2020-01-23,2020-01-30,-0.011479565743672482,-0.012479565743672483,hold_days,-0.014115094660474337,0.0016355289168018539
USB,2024-09-10,2024-09-17,-0.007772514798618069,-0.00877251479861807,hold_days,0.01809395371378475,-0.02686646851240282
USB,2025-01-31,2025-02-07,-0.011511098018509469,-0.01251109801850947,hold_days,-0.01018253811796721,-0.0023285599005422597
USB,2026-05-15,2026-05-22,0.03219130746409449,0.031191307464094487,hold_days,0.02031292642664173,0.010878381037452756
PNC,2015-09-22,2015-09-28,-0.0050119127124195195,-0.0060119127124195195,market_dd,-0.02882529690774016,0.02281338419532064
PNC,2016-06-07,2016-06-14,-0.05263749472752155,-0.05363749472752155,hold_days,-0.015894240347446686,-0.037743254380074864
PNC,2019-05-15,2019-05-22,0.025956101831289047,0.024956101831289046,hold_days,0.00020270782928011322,0.024753394002008933
PNC,2021-04-22,2021-04-29,0.08818454567063294,0.08718454567063294,hold_days,0.01637401143999484,0.0708105342306381
PNC,2021-12-15,2021-12-22,-0.0048466217548039925,-0.0058466217548039925,hold_days,-0.0014804471484072268,-0.004366174606396766
PNC,2025-08-05,2025-08-12,0.011852486892329095,0.010852486892329094,hold_days,0.01679979230054962,-0.005947305408220527
PNC,2026-05-15,2026-05-22,0.03002257349392856,0.02902257349392856,hold_days,0.02031292642664173,0.00870964706728683
SO,2021-01-29,2021-02-05,0.03326521598105692,0.032265215981056916,hold_days,0.0438096496386724,-0.011544433657615483
SO,2021-09-30,2021-10-07,0.011295658181042167,0.010295658181042167,hold_days,0.023186907596268957,-0.012891249415226791
SO,2021-11-16,2021-11-23,0.0162901538104403,0.015290153810440299,hold_days,-0.0029983212912757518,0.01828847510171605
SO,2023-05-31,2023-06-07,0.005448187803838822,0.004448187803838822,hold_days,0.026469157874655203,-0.02202097007081638
SO,2024-01-26,2024-02-02,-0.00665611126031751,-0.00765611126031751,hold_days,0.009943862893718292,-0.017599974154035802
SO,2025-08-14,2025-08-21,0.012530194089772406,0.011530194089772405,hold_days,-0.0029877574563549336,0.014517951546127339
DUK,2018-12-14,2018-12-19,-0.03878792243032747,-0.03978792243032747,market_dd,-0.03605670778327674,-0.003731214647050729
DUK,2020-06-30,2020-07-08,0.019401706419105214,0.018401706419105213,hold_days,0.01788074295856812,0.0005209634605370939
DUK,2020-12-08,2020-12-15,0.006556310689716183,0.005556310689716183,hold_days,-0.0009604669898907181,0.006516777679606901
DUK,2021-11-08,2021-11-15,0.001590751985794947,0.000590751985794947,hold_days,-0.0011318056110112273,0.0017225575968061744
DUK,2025-09-18,2025-09-25,0.01603123332826706,0.015031233328267057,hold_days,-0.005827457451624496,0.020858690779891553
NEE,2017-09-29,2017-10-06,0.006277522084451093,0.005277522084451093,hold_days,0.014155004550222117,-0.008877482465771025
NEE,2020-06-23,2020-06-26,-0.02874073888804496,-0.02974073888804496,market_dd,-0.03850428592433097,0.008763547036286012
NEE,2021-06-03,2021-06-10,0.015752506845992942,0.014752506845992941,hold_days,0.0059668945036803755,0.008785612342312565
NEE,2022-09-02,2022-09-12,0.06697201062800318,0.06597201062800317,hold_days,0.04417455142495563,0.021797459203047542
NEE,2025-06-27,2025-07-07,0.05445078050298968,0.05345078050298968,hold_days,0.015668465204394355,0.037782315298595326
UPS,2025-05-05,2025-05-12,0.059125228727484824,0.05812522872748482,hold_days,0.03181122678270154,0.026314001944783283
FDX,2015-08-11,2015-08-18,-0.016446014221401017,-0.01744601422140102,hold_days,0.006310025022391086,-0.023756039243792104
FDX,2017-01-19,2017-01-26,0.03443131049433812,0.03343131049433812,hold_days,0.014906591380147383,0.018524719114190735
FDX,2023-02-24,2023-03-03,0.02853193393049236,0.027531933930492358,hold_days,0.016080885055084426,0.011451048875407932
FDX,2025-03-06,2025-03-13,-0.029997883204388898,-0.0309978832043889,market_dd,-0.03334965245711086,0.002351769252721958
UNP,2019-05-15,2019-05-22,0.003970701064221149,0.0029707010642211493,hold_days,0.00020270782928011322,0.002767993234941036
UNP,2019-09-19,2019-09-26,-0.020225812461739157,-0.021225812461739157,hold_days,-0.007650812439932819,-0.013575000021806338
UNP,2020-09-23,2020-09-30,0.013122737987901756,0.012122737987901755,hold_days,0.03524545053496375,-0.023122712547061997
UNP,2023-09-29,2023-10-06,-0.005745870878293258,-0.006745870878293258,hold_days,-0.00547897192103497,-0.001266898957258288
UNP,2025-09-16,2025-09-23,0.055462910794600084,0.05446291079460008,hold_days,0.010377224550753628,0.044085686243846456
CSX,2019-04-09,2019-04-16,0.016066348564455435,0.015066348564455434,hold_days,0.013657978930060377,0.001408369634395057
CSX,2019-05-15,2019-05-22,0.0006459261675180183,-0.0003540738324819817,hold_days,0.00020270782928011322,-0.0005567816617620949
CSX,2019-05-31,2019-06-07,0.0483413658686771,0.0473413658686771,hold_days,0.04935480854830665,-0.0020134426796295513
CSX,2023-03-09,2023-03-16,-0.014448987686927928,-0.015448987686927929,hold_days,0.007146035941709261,-0.02259502362863719
CSX,2025-04-21,2025-04-28,0.01493097316059111,0.013930973160591109,hold_days,0.05311688100877876,-0.03918590784818765
CSX,2026-05-11,2026-05-18,0.03263291516580935,0.03163291516580935,hold_days,0.005218968579905114,0.026413946585904235
RTX,2017-03-08,2017-03-15,0.011901699625540552,0.01090169962554055,hold_days,0.010123257939218533,0.0007784416863220178
RTX,2018-06-25,2018-07-02,0.0033701848322913452,0.0023701848322913452,hold_days,0.0017172690380145017,0.0006529157942768435
RTX,2018-10-26,2018-11-02,0.03408260562742971,0.033082605627429706,hold_days,0.03129991834952506,0.0017826872779046488
RTX,2019-05-09,2019-05-16,-0.006312788444878481,-0.007312788444878481,hold_days,0.00035681444191393297,-0.007669602886792414
RTX,2019-08-27,2019-09-04,0.052018810293423146,0.051018810293423145,hold_days,0.02578541750280028,0.025233392790622866
RTX,2020-08-04,2020-08-11,0.11737052909223578,0.11637052909223577,hold_days,0.01831835387105829,0.09805217522117748
RTX,2020-09-10,2020-09-17,0.05527557314706111,0.05427557314706111,hold_days,0.01748693606031937,0.03678863708674174
RTX,2022-09-12,2022-09-13,-0.046469365777516924,-0.047469365777516925,market_dd,-0.04059925258532382,-0.006870113192193106
RTX,2024-12-11,2024-12-18,-0.021293194730945153,-0.022293194730945154,market_dd,-0.03545245482253856,0.013159260091593405
GD,2016-12-12,2016-12-19,0.005122225655562751,0.004122225655562751,hold_days,0.005163510299384333,-0.001041284643821582
GD,2018-06-04,2018-06-11,-0.004442029836400518,-0.005442029836400518,hold_days,0.013484053957154796,-0.018926083793555315
GD,2021-10-04,2021-10-11,0.03335689784513862,0.03235689784513862,hold_days,0.013130019952448446,0.019226877892690175
GD,2022-03-18,2022-03-25,0.06137331761156606,0.06037331761156606,hold_days,0.014206079446661635,0.04616723816490442
GD,2022-12-09,2022-12-16,-0.003643096217622488,-0.004643096217622488,hold_days,-0.01725069837281279,0.0126076021551903
GD,2026-07-17,2026-07-24,0.0492973413904334,0.0482973413904334,hold_days,0.0030109028197544685,0.04528643857067893
NOC,2016-08-30,2016-09-07,0.001128261734474112,0.0001282617344741119,hold_days,-0.00023352342063109877,0.0003617851551052107
NOC,2017-07-31,2017-08-07,0.02451222890812521,0.02351222890812521,hold_days,0.007794711053304759,0.01571751785482045
NOC,2018-11-29,2018-12-07,-0.007437997822070663,-0.008437997822070664,market_dd,-0.035652593504165275,0.02721459568209461
NOC,2019-11-07,2019-11-14,0.03569919390589149,0.03469919390589149,hold_days,0.0042476879365489495,0.03045150596934254
NOC,2020-02-06,2020-02-13,0.01168365495069379,0.010683654950693788,hold_days,0.010748661609842891,-6.500665914910275e-05
NOC,2022-03-18,2022-03-25,0.0706390960546961,0.06963909605469609,hold_days,0.014206079446661635,0.05543301660803446
NOC,2023-08-02,2023-08-09,-0.026638888750873058,-0.02763888875087306,hold_days,-0.006934252652065931,-0.020704636098807128
NOC,2023-12-19,2023-12-27,0.0001291523495847713,-0.0008708476504152287,hold_days,0.00304570191442588,-0.003916549564841109
NOC,2024-03-05,2024-03-12,0.0012657153639066276,0.0002657153639066276,hold_days,0.017687289748885116,-0.01742157438497849
EMR,2018-05-31,2018-06-07,0.035714566909536005,0.034714566909536004,hold_days,0.02703629412997932,0.007678272779556683
EMR,2018-10-26,2018-11-02,0.050867621759076,0.049867621759076,hold_days,0.03129991834952506,0.01856770340955094
EMR,2020-06-26,2020-07-06,0.044095788305192674,0.04309578830519267,hold_days,0.056639958571757854,-0.01354417026656518
EMR,2021-09-03,2021-09-13,-0.05902429487817873,-0.06002429487817873,hold_days,-0.013549080753537113,-0.04647521412464162
EMR,2023-03-17,2023-03-24,0.02535881805422524,0.02435881805422524,hold_days,0.01416538571761361,0.01019343233661163
EMR,2024-10-17,2024-10-24,-0.019827894011246627,-0.020827894011246628,hold_days,-0.011087791591893104,-0.009740102419353525
ITW,2016-12-16,2016-12-23,-0.0005603944598764343,-0.0015603944598764343,hold_days,0.005391799055581847,-0.006952193515458282
ITW,2017-08-03,2017-08-10,-0.027999878729299876,-0.028999878729299877,hold_days,-0.0118642437735057,-0.017135634955794177
PG,2015-11-17,2015-11-24,0.018382717516798763,0.017382717516798762,hold_days,0.02021732778612928,-0.0028346102693305175
PG,2016-11-14,2016-11-21,-0.004337396585885722,-0.005337396585885722,hold_days,0.019781073608969857,-0.02511847019485558
PG,2020-09-10,2020-09-17,0.005998661979477182,0.004998661979477182,hold_days,0.01748693606031937,-0.012488274080842188
PG,2021-03-02,2021-03-09,0.01840173754085206,0.017401737540852058,hold_days,0.005885378841367084,0.011516358699484974
PG,2025-09-12,2025-09-19,-0.011779729327652366,-0.012779729327652367,hold_days,0.010067147552959677,-0.022846876880612044
CL,2017-08-28,2017-09-05,0.002962184470781004,0.001962184470781004,hold_days,0.008891321306535138,-0.006929136835754134
CL,2019-09-12,2019-09-19,-0.018536639313606718,-0.01953663931360672,hold_days,-0.0027511964567019653,-0.016785442856904753
CL,2025-04-30,2025-05-07,-0.014209795036312811,-0.015209795036312812,hold_days,0.004309190828652998,-0.01951898586496581
KMB,2016-01-27,2016-02-03,0.04967760848022018,0.04867760848022018,hold_days,0.014841719132846709,0.03383588934737347
KMB,2020-09-17,2020-09-23,-0.01227640952494935,-0.01327640952494935,market_dd,-0.03713065708245944,0.02385424755751009
KMB,2021-01-14,2021-01-22,0.0048646237594736075,0.0038646237594736075,hold_days,-0.0016818516470874512,0.005546475406561059
KMB,2022-09-08,2022-09-15,-0.03250993703932403,-0.033509937039324034,hold_days,-0.02645057164205966,-0.007059365397264372
GIS,2016-05-20,2016-05-27,0.006725280246177023,0.005725280246177023,hold_days,0.02634981039146278,-0.020624530145285758
GIS,2016-09-06,2016-09-13,-0.07475350763258526,-0.07575350763258526,hold_days,-0.03032748517649786,-0.0454260224560874
GIS,2017-09-05,2017-09-12,0.034251546628283114,0.03325154662828311,hold_days,0.020299392294550467,0.012952154333732646
GIS,2017-10-11,2017-10-18,0.027127585754382677,0.026127585754382676,hold_days,0.004151490889716225,0.02197609486466645
GIS,2021-06-01,2021-06-08,0.008458076307990448,0.0074580763079904475,hold_days,0.003424675097151164,0.004033401210839283
GIS,2021-08-30,2021-09-07,-0.013719997445674426,-0.014719997445674426,hold_days,-0.006756011598962219,-0.007963985846712207
GIS,2022-08-30,2022-09-07,-0.009093438095026607,-0.010093438095026608,hold_days,0.001208435807751318,-0.011301873902777926
GIS,2024-02-13,2024-02-21,0.04258707572415754,0.04158707572415754,hold_days,0.01249972585396586,0.02908734987019168
GIS,2025-09-02,2025-09-09,0.02088386402299247,0.01988386402299247,hold_days,0.0057030454133919495,0.01418081860960052
GIS,2025-12-04,2025-12-11,0.005437259759638824,0.004437259759638824,hold_days,0.010172538894477112,-0.005735279134838288
SBUX,2019-05-31,2019-06-07,0.08440765508975723,0.08340765508975723,hold_days,0.04935480854830665,0.03405284654145058
SBUX,2019-08-27,2019-09-04,0.0002081571043239805,-0.0007918428956760195,hold_days,0.02578541750280028,-0.0265772603984763
SBUX,2021-05-21,2021-05-28,0.026686041906146096,0.025686041906146095,hold_days,0.008422099263239335,0.01726394264290676
SBUX,2022-12-13,2022-12-15,-0.020762020203077935,-0.021762020203077936,market_dd,-0.028461534385351595,0.006699514182273658
SBUX,2023-02-28,2023-03-07,0.012244004993026802,0.011244004993026802,hold_days,0.0020866457172565855,0.009157359275770216
SBUX,2024-12-09,2024-12-16,-0.06232999312344367,-0.06332999312344367,hold_days,-0.006638455713785074,-0.0566915374096586
YUM,2019-08-27,2019-09-04,0.007865351008493393,0.006865351008493393,hold_days,0.02578541750280028,-0.018920066494306886
YUM,2020-09-23,2020-09-30,0.01704357568627346,0.01604357568627346,hold_days,0.03524545053496375,-0.019201874848690292
YUM,2021-10-04,2021-10-11,-0.008452548396495785,-0.009452548396495786,hold_days,0.013130019952448446,-0.022582568348944232
YUM,2023-01-05,2023-01-12,0.009318723709306198,0.008318723709306197,hold_days,0.0372753651469786,-0.028956641437672404
TJX,2015-10-27,2015-11-03,0.03326866244175464,0.032268662441754636,hold_days,0.018128032734093358,0.014140629707661279
TJX,2016-10-11,2016-10-18,-0.014414549876895943,-0.015414549876895944,hold_days,0.003348879137987426,-0.01876342901488337
TJX,2017-10-18,2017-10-25,0.0019632696140190475,0.0009632696140190475,hold_days,0.0040034647657345435,-0.003040195151715496
TJX,2019-05-09,2019-05-16,-0.017060045193800444,-0.018060045193800445,hold_days,0.00035681444191393297,-0.018416859635714378
TJX,2019-10-31,2019-11-07,0.028621025307535852,0.02762102530753585,hold_days,0.020218565412109424,0.007402459895426428
TJX,2020-01-17,2020-01-27,-0.027919466741206267,-0.028919466741206268,hold_days,-0.021668220415948847,-0.007251246325257421
TJX,2021-03-02,2021-03-09,-0.0019635307218347497,-0.0029635307218347498,hold_days,0.005885378841367084,-0.008848909563201834
TJX,2023-03-15,2023-03-22,0.013079861964445438,0.012079861964445437,hold_days,0.007610376201532487,0.00446948576291295
TJX,2023-09-08,2023-09-15,0.010825559040803512,0.009825559040803511,hold_days,0.0019865631706545983,0.007838995870148913
ORLY,2015-12-15,2015-12-22,0.011883450254174255,0.010883450254174254,hold_days,0.0029985152440308305,0.007884935010143423
ORLY,2016-09-20,2016-09-27,0.034126915879473696,0.033126915879473695,hold_days,0.011193956057179877,0.021932959822293818
ORLY,2018-04-11,2018-04-18,-0.02603206499029076,-0.02703206499029076,hold_days,0.024876042499698103,-0.051908107489988864
ORLY,2018-06-29,2018-07-09,0.057791364013568325,0.056791364013568324,hold_days,0.023913599861947077,0.03287776415162125
ORLY,2020-02-11,2020-02-19,0.006132011519552227,0.005132011519552227,hold_days,0.009692081496484262,-0.004560069976932034
ADP,2016-03-10,2016-03-17,0.04272303616090234,0.04172303616090234,hold_days,0.0295583369473702,0.012164699213532137
ADP,2021-09-09,2021-09-16,-0.023430031607622137,-0.024430031607622138,hold_days,-0.004344519918842438,-0.0200855116887797
ADP,2022-01-12,2022-01-18,-0.03490586989203226,-0.03590586989203226,market_dd,-0.025717487813282647,-0.010188382078749614
ADP,2024-12-11,2024-12-18,-0.03576109229059943,-0.03676109229059943,market_dd,-0.03545245482253856,-0.0013086374680608692
APD,2015-12-07,2015-12-11,-0.046268546674834266,-0.047268546674834266,market_dd,-0.031328134735586266,-0.015940411939248
APD,2018-01-18,2018-01-25,0.042540661014400794,0.04154066101440079,hold_days,0.015650079342955037,0.025890581671445756
APD,2020-06-26,2020-07-06,0.06057005330045517,0.05957005330045517,hold_days,0.056639958571757854,0.002930094728697319
APD,2020-10-30,2020-11-06,0.11033916203732619,0.10933916203732619,hold_days,0.06682708899951906,0.04251207303780713
APD,2021-07-08,2021-07-15,0.0025752903886218093,0.0015752903886218092,hold_days,0.011446047248065527,-0.009870756859443719
APD,2022-05-12,2022-05-19,0.012143136269584076,0.011143136269584075,hold_days,-0.010242146786324735,0.02138528305590881
APD,2023-03-21,2023-03-28,-0.018901596986329317,-0.019901596986329317,hold_days,-0.004258300799581227,-0.01564329618674809
APD,2026-04-21,2026-04-28,0.029072627870175838,0.028072627870175837,hold_days,0.0006205144292028564,0.02745211344097298
APD,2026-05-06,2026-05-13,0.019952746107036345,0.018952746107036345,hold_days,-0.004979812226960867,0.02393255833399721
APD,2026-08-19,2026-08-26,0.011344906099721275,0.010344906099721274,hold_days,-0.002804700868544563,0.013149606968265837
