stock,low_date,entry_date,exit_date,ret,ret_net,exit_reason,days_held,bench_ret,excess_ret
ADI,2024-10-15,2024-10-17,2024-10-24,0.010292920829370278,0.009292920829370277,hold_days,5,-0.01798549710894093,0.027278417938311206
LRCX,2018-06-11,2018-06-13,2018-06-20,-0.05444489343578618,-0.05544489343578618,hold_days,5,0.0012618315668206925,-0.05670672500260687
LRCX,2019-09-27,2019-10-01,2019-10-02,-0.01037363823697246,-0.011373638236972461,market_dd,1,-0.017355492895839375,0.005981854658866914
LRCX,2021-10-04,2021-10-06,2021-10-13,-0.013267339091445507,-0.014267339091445508,hold_days,5,0.002844715431898903,-0.01711205452334441
LRCX,2025-08-18,2025-08-20,2025-08-27,0.045587445625513645,0.044587445625513644,hold_days,5,0.0016218199903248465,0.0429656256351888
KLAC,2018-06-11,2018-06-13,2018-06-20,-0.02823964733689943,-0.029239647336899433,hold_days,5,0.0012618315668206925,-0.030501478903720125
KLAC,2020-06-24,2020-06-26,2020-07-06,0.07395709427332653,0.07295709427332653,hold_days,5,0.048794985461840135,0.024162108811486394
KLAC,2021-10-04,2021-10-06,2021-10-13,-0.026405382467165284,-0.027405382467165285,hold_days,5,0.002844715431898903,-0.030250097899064188
KLAC,2024-03-11,2024-03-13,2024-03-20,0.01051246651532467,0.009512466515324669,hold_days,5,0.004730736212519737,0.004781730302804932
KLAC,2024-11-15,2024-11-19,2024-11-26,0.025679691700942975,0.024679691700942974,hold_days,5,0.04047434828011243,-0.015794656579169453
KLAC,2025-08-15,2025-08-19,2025-08-26,0.013720191550169902,0.012720191550169901,hold_days,5,0.0013749163555218935,0.011345275194648008
SNPS,2015-09-18,2015-09-22,2015-09-28,-0.02652069808560964,-0.02752069808560964,market_dd,4,-0.03793776205561361,0.01041706397000397
SNPS,2018-09-26,2018-09-28,2018-10-05,-0.05486262679874132,-0.05586262679874132,hold_days,5,-0.022968892199858093,-0.03289373459888323
SNPS,2020-01-27,2020-01-29,2020-01-31,-0.01947625556381849,-0.02047625556381849,market_dd,2,-0.017730954643960795,-0.002745300919857696
CDNS,2019-12-03,2019-12-05,2019-12-12,0.01625892318065425,0.015258923180654249,hold_days,5,0.01568093651127045,-0.00042201333061619994
CDNS,2024-07-11,2024-07-15,2024-07-18,-0.11976053520190932,-0.12076053520190932,market_dd,3,-0.007389778984121298,-0.11337075621778803
CDNS,2025-07-16,2025-07-18,2025-07-25,0.0526665865939282,0.0516665865939282,hold_days,5,0.020731277108148705,0.030935309485779494
PANW,2015-12-28,2015-12-30,2015-12-31,-0.003676687157151415,-0.004676687157151415,market_dd,1,-0.009967083758748219,0.005290396601596804
PANW,2017-10-23,2017-10-25,2017-11-01,-0.03069674450831894,-0.03169674450831894,hold_days,5,0.00182618865456452,-0.03352293316288346
PANW,2020-06-24,2020-06-26,2020-07-06,0.04667467348617249,0.04567467348617249,hold_days,5,0.048794985461840135,-0.0031203119756676445
PANW,2021-05-06,2021-05-10,2021-05-12,-0.018310211801864762,-0.019310211801864763,market_dd,2,-0.03254120536891336,0.013230993567048599
PANW,2022-09-16,2022-09-20,2022-09-21,-0.02228321940389244,-0.02328321940389244,market_dd,1,-0.016884214408310227,-0.006399004995582214
PANW,2023-01-10,2023-01-12,2023-01-18,0.037188772659468405,0.036188772659468404,market_dd,3,-0.006094230011630786,0.04228300267109919
CRWD,2023-09-15,2023-09-19,2023-09-21,-0.01794562671119715,-0.01894562671119715,market_dd,2,-0.01969539306892898,0.0007497663577318292
FTNT,2016-12-14,2016-12-16,2016-12-23,-0.02015449876317854,-0.021154498763178542,hold_days,5,-0.0009981109922297948,-0.020156387770948747
FTNT,2020-09-08,2020-09-10,2020-09-17,-0.01207603617134223,-0.013076036171342231,hold_days,5,0.01462613428738857,-0.0277021704587308
FTNT,2025-12-10,2025-12-12,2025-12-17,-0.03454152183313319,-0.035541521833133194,market_dd,3,-0.007495375488500544,-0.02804614634463265
FTNT,2026-08-20,2026-08-24,2026-08-31,0.12461337257777139,0.12361337257777139,hold_days,5,-0.00912188090877697,0.13273525348654835
ANET,2018-01-02,2018-01-04,2018-01-11,0.12076155317670545,0.11976155317670545,hold_days,5,0.022794393558401183,0.09696715961830427
ANET,2020-02-14,2020-02-19,2020-02-21,-0.006932706110452602,-0.007932706110452603,market_dd,2,-0.012155117884224631,0.004222411773772028
ANET,2020-06-24,2020-06-26,2020-07-06,0.01813602989543206,0.01713602989543206,hold_days,5,0.048794985461840135,-0.031658955566408076
ANET,2022-01-25,2022-01-27,2022-02-03,0.036465426717503524,0.03546542671750352,hold_days,5,0.041417545590653804,-0.0059521188731502805
MSI,2016-10-13,2016-10-17,2016-10-24,0.018596603039362947,0.017596603039362946,hold_days,5,0.009371059083005395,0.00822554395635755
MSI,2018-10-11,2018-10-15,2018-10-22,0.02508119536992104,0.024081195369921038,hold_days,5,0.0002391774651513412,0.023842017904769697
MSI,2018-10-24,2018-10-26,2018-11-02,0.0765374160127199,0.0755374160127199,hold_days,5,0.04726188780941931,0.028275528203300593
MSI,2018-12-07,2018-12-11,2018-12-14,-0.017405399656383325,-0.018405399656383326,market_dd,3,-0.012411923835133898,-0.005993475821249428
MSI,2020-05-27,2020-05-29,2020-06-05,0.15199859380586656,0.15099859380586655,hold_days,5,0.06525517557557281,0.08574341823029374
MSI,2021-01-19,2021-01-21,2021-01-27,-0.004353014770187569,-0.005353014770187569,market_dd,4,-0.04093547415105825,0.03558245938087068
MSI,2023-12-15,2023-12-19,2023-12-20,-0.01143863089795627,-0.012438630897956271,market_dd,1,-0.017051109915858897,0.0046124790179026265
MSI,2026-03-20,2026-03-24,2026-03-26,-0.01042339042877971,-0.011423390428779712,market_dd,2,-0.007054495756550927,-0.004368894672228785
MSI,2026-06-08,2026-06-10,2026-06-17,-0.0236591472493497,-0.0246591472493497,hold_days,5,0.019559443779027852,-0.04421859102837755
HPQ,2015-08-04,2015-08-06,2015-08-13,-0.056071900916579986,-0.05707190091657999,hold_days,5,0.0016941789323021705,-0.05876607984888216
HPQ,2016-10-21,2016-10-25,2016-11-01,0.03237427884972033,0.03137427884972033,hold_days,5,-0.01830708375733503,0.04968136260705536
HPQ,2025-06-05,2025-06-09,2025-06-16,-0.012722473100072795,-0.013722473100072796,hold_days,5,-0.007757135914570168,-0.005965337185502628
HPQ,2025-11-11,2025-11-13,2025-11-18,-0.09087284875688839,-0.09187284875688839,market_dd,3,-0.02072687116763061,-0.07114597758925778
DELL,2017-02-17,2017-02-22,2017-03-01,-0.010652884046721378,-0.011652884046721379,hold_days,5,0.004551203144224969,-0.016204087190946348
DELL,2021-10-27,2021-10-29,2021-11-05,0.010985329893596019,0.009985329893596018,hold_days,5,0.025988984683235516,-0.0160036547896395
NXPI,2018-04-02,2018-04-04,2018-04-06,-0.014727774998040788,-0.01572777499804079,market_dd,2,-0.018064961465070417,0.0023371864670296283
NXPI,2020-01-27,2020-01-29,2020-01-31,-0.043720795875133556,-0.04472079587513356,market_dd,2,-0.017730954643960795,-0.026989841231172762
NXPI,2021-01-15,2021-01-20,2021-01-27,-0.07983246693244395,-0.08083246693244395,hold_days,5,-0.04301518030160456,-0.037817286630839386
NXPI,2024-10-31,2024-11-04,2024-11-11,-0.041620849113327196,-0.0426208491133272,hold_days,5,0.042620603177416116,-0.08524145229074331
NXPI,2025-09-04,2025-09-08,2025-09-15,-0.02762749774545359,-0.02862749774545359,hold_days,5,-0.006813025891310276,-0.021814471854143314
MCHP,2016-04-29,2016-05-03,2016-05-10,-0.009426063806627027,-0.010426063806627028,hold_days,5,0.007459485951410549,-0.017885549758037578
MCHP,2018-09-07,2018-09-11,2018-09-18,-0.03412251462893923,-0.03512251462893923,hold_days,5,0.009714500421545313,-0.04483701505048454
MCHP,2019-10-23,2019-10-25,2019-11-01,0.03290773285674553,0.03190773285674553,hold_days,5,0.010182326183518331,0.0217254066732272
MCHP,2020-08-05,2020-08-07,2020-08-14,0.012427898227328038,0.011427898227328037,hold_days,5,0.014994333319760189,-0.003566435092432152
MCHP,2023-10-25,2023-10-27,2023-11-03,0.057708169187046465,0.056708169187046464,hold_days,5,0.05625676454975803,0.00045140463728843283
MCHP,2024-09-06,2024-09-10,2024-09-17,0.024072227508247668,0.023072227508247667,hold_days,5,0.0242229377387988,-0.001150710230551133
ON,2023-02-24,2023-02-28,2023-03-07,0.016664426109105568,0.015664426109105567,hold_days,5,-0.00031062483953203657,0.015975050948637604
WDC,2016-10-17,2016-10-19,2016-10-26,0.054477956193292876,0.053477956193292875,hold_days,5,-0.014036544255564887,0.06751450044885776
STX,2016-11-02,2016-11-04,2016-11-11,0.128788133198247,0.127788133198247,hold_days,5,0.050681316196524495,0.0771068170017225
STX,2020-09-08,2020-09-10,2020-09-17,0.06988882470758329,0.06888882470758328,hold_days,5,0.01462613428738857,0.054262690420194715
STX,2022-02-24,2022-02-28,2022-03-01,-0.02462191879200104,-0.02562191879200104,market_dd,1,-0.017796714453261364,-0.007825204338739677
STX,2024-12-10,2024-12-12,2024-12-18,-0.05489050376185167,-0.05589050376185167,market_dd,4,-0.04121089775557707,-0.014679606006274604
STX,2025-03-10,2025-03-12,2025-03-13,-0.012798395272115237,-0.013798395272115238,market_dd,1,-0.010368399313566146,-0.0034299959585490924
TEAM,2017-02-28,2017-03-02,2017-03-09,-0.002097883396577016,-0.003097883396577016,hold_days,5,-0.005694514634830061,0.002596631238253045
TEAM,2019-09-27,2019-10-01,2019-10-02,-0.011990004860539027,-0.012990004860539028,market_dd,1,-0.017355492895839375,0.004365488035300347
TEAM,2021-07-27,2021-07-29,2021-08-05,0.2835188039589691,0.2825188039589691,hold_days,5,0.010437177009431808,0.2720816269495373
TEAM,2023-02-24,2023-02-28,2023-03-07,0.07393655304023916,0.07293655304023916,hold_days,5,-0.00031062483953203657,0.0732471778797712
TEAM,2025-08-01,2025-08-05,2025-08-12,-0.14797240120872257,-0.14897240120872257,hold_days,5,0.01635015846746235,-0.16532255967618492
TEAM,2025-11-17,2025-11-19,2025-11-20,-0.016858926444010436,-0.017858926444010437,market_dd,1,-0.012041659407945438,-0.005817267036064999
WDAY,2017-11-09,2017-11-13,2017-11-20,0.07186592271265835,0.07086592271265835,hold_days,5,0.011560239331432243,0.059305683381226104
WDAY,2020-07-28,2020-07-30,2020-08-06,0.017222286957673028,0.016222286957673027,hold_days,5,0.0062823942212111294,0.009939892736461897
WDAY,2022-09-16,2022-09-20,2022-09-21,-0.010940047400707864,-0.011940047400707865,market_dd,1,-0.016884214408310227,0.0049441670076023625
MDLZ,2015-11-13,2015-11-17,2015-11-24,0.0036513436430882784,0.0026513436430882784,hold_days,5,0.024552138164785742,-0.021900794521697464
MDLZ,2016-07-27,2016-07-29,2016-08-05,-0.016143648296334745,-0.017143648296334746,hold_days,5,0.015196585470564239,-0.032340233766898985
MDLZ,2016-12-01,2016-12-05,2016-12-12,0.03972740373702521,0.03872740373702521,hold_days,5,0.02202646106827877,0.016700942668746444
MDLZ,2017-08-31,2017-09-05,2017-09-12,0.006138443177142738,0.005138443177142738,hold_days,5,0.017607434362461927,-0.01246899118531919
MDLZ,2019-08-23,2019-08-27,2019-09-04,0.032708559558094485,0.031708559558094485,hold_days,5,0.021143613635109304,0.01056494592298518
MDLZ,2020-05-21,2020-05-26,2020-06-02,0.05303453586413198,0.05203453586413198,hold_days,5,0.043172709865789916,0.008861825998342066
MDLZ,2024-03-05,2024-03-07,2024-03-14,-0.0005635138341719692,-0.0015635138341719692,hold_days,5,-0.00783602349009438,0.00627250965592241
MDLZ,2024-03-26,2024-03-28,2024-04-04,-0.025571434842464935,-0.026571434842464936,market_dd,4,-0.02665740647224113,8.597162977619366e-05
MDLZ,2025-09-25,2025-09-29,2025-10-06,-0.005633361469468912,-0.006633361469468912,hold_days,5,0.016135541331843806,-0.022768902801312718
MDLZ,2026-05-15,2026-05-19,2026-05-27,0.015663219995920574,0.014663219995920573,hold_days,5,0.03588149612292835,-0.021218276127007774
KHC,2016-04-07,2016-04-11,2016-04-18,0.005518923063944969,0.004518923063944969,hold_days,5,0.020646427878575624,-0.016127504814630655
KHC,2016-07-12,2016-07-14,2016-07-21,-0.007923648966079777,-0.008923648966079778,hold_days,5,0.00759678264337138,-0.01652043160945116
KHC,2019-05-20,2019-05-22,2019-05-23,-0.01348821761772212,-0.014488217617722121,market_dd,1,-0.0142539223013467,-0.00023429531637542134
KHC,2019-11-14,2019-11-18,2019-11-25,0.0016123277217499066,0.0006123277217499066,hold_days,5,0.01204519152713357,-0.011432863805383664
KHC,2021-08-26,2021-08-30,2021-09-07,-0.0016798328373538451,-0.002679832837353845,hold_days,5,-0.006270370503822176,0.0035905376664683306
KHC,2023-06-12,2023-06-14,2023-06-22,-0.0163619931255915,-0.0173619931255915,hold_days,5,-0.00025555869548132826,-0.017106434430110173
HSY,2020-05-21,2020-05-26,2020-06-02,0.06946254545791897,0.06846254545791897,hold_days,5,0.043172709865789916,0.02528983559212905
HSY,2023-08-22,2023-08-24,2023-08-31,0.004582097440067656,0.003582097440067656,hold_days,5,0.02273336835278217,-0.019151270912714513
KDP,2020-01-14,2020-01-16,2020-01-24,0.015206660744719214,0.014206660744719213,hold_days,5,-0.008938376430247752,0.023145037174966965
KDP,2021-07-08,2021-07-12,2021-07-16,0.025729150906816267,0.024729150906816266,market_dd,4,-0.01870849916453121,0.04343765007134748
KDP,2021-09-07,2021-09-09,2021-09-14,0.0054551390737407335,0.0044551390737407335,market_dd,3,-0.006894483799188333,0.011349622872929066
KDP,2025-10-29,2025-10-31,2025-11-06,-0.029455086511025352,-0.030455086511025353,market_dd,4,-0.009553337891328062,-0.02090174861969729
KDP,2026-03-05,2026-03-09,2026-03-12,-0.044696705396047864,-0.045696705396047865,market_dd,3,-0.035154923327806564,-0.010541782068241301
STZ,2018-06-25,2018-06-27,2018-07-05,-0.05958763435534864,-0.06058763435534864,hold_days,5,0.015170109956417432,-0.07575774431176607
STZ,2019-09-25,2019-09-27,2019-10-02,0.003834805217367565,0.002834805217367565,market_dd,3,-0.022583078471701934,0.025417883689069498
STZ,2025-06-05,2025-06-09,2025-06-16,-0.04861806291119464,-0.04961806291119464,hold_days,5,-0.007757135914570168,-0.04186092699662447
MNST,2018-05-09,2018-05-11,2018-05-18,0.004059280720139169,0.003059280720139169,hold_days,5,0.0026361084907682297,0.0004231722293709392
MNST,2019-05-29,2019-05-31,2019-06-07,0.06563203230738979,0.06463203230738979,hold_days,5,0.04121422502344663,0.02341780728394316
MNST,2021-06-16,2021-06-18,2021-06-25,0.003923284677098016,0.0029232846770980156,hold_days,5,0.032382317191853804,-0.02945903251475579
MNST,2023-02-03,2023-02-07,2023-02-08,-0.004097217730828606,-0.005097217730828606,market_dd,1,-0.005882455490490046,0.0007852377596614399
MNST,2023-02-24,2023-02-28,2023-03-07,0.014347474978607888,0.013347474978607887,hold_days,5,-0.00031062483953203657,0.013658099818139924
MNST,2023-06-07,2023-06-09,2023-06-16,0.0209607120164097,0.0199607120164097,hold_days,5,0.026760187257856005,-0.006799475241446307
MNST,2024-08-05,2024-08-07,2024-08-14,-0.08490000404646303,-0.08590000404646303,hold_days,5,0.03825935836548622,-0.12415936241194925
CLX,2022-01-20,2022-01-24,2022-01-25,-0.007167657335502731,-0.008167657335502732,market_dd,1,-0.019842536660154675,0.011674879324651943
CLX,2024-11-25,2024-11-27,2024-12-05,0.01549508922238485,0.01449508922238485,hold_days,5,-3.888428998555238e-05,0.014533973512370402
CHD,2016-07-27,2016-07-29,2016-08-05,0.023208627164228224,0.022208627164228223,hold_days,5,0.015196585470564239,0.007012041693663984
CHD,2023-01-10,2023-01-12,2023-01-18,0.008231854034534969,0.007231854034534969,market_dd,3,-0.006094230011630786,0.013326084046165754
CHD,2023-03-01,2023-03-03,2023-03-07,-0.0065304568911455085,-0.0075304568911455086,market_dd,2,-0.017179585321861146,0.009649128430715637
CHD,2025-07-28,2025-07-30,2025-08-01,-0.020218790996647362,-0.021218790996647363,market_dd,2,-0.02436471136724727,0.0031459203705999084
CHD,2026-08-17,2026-08-19,2026-08-26,0.03888494486469951,0.03788494486469951,hold_days,5,0.0029040048413819797,0.03498094002331753
KR,2017-03-07,2017-03-09,2017-03-16,0.016996100800239278,0.015996100800239277,hold_days,5,0.010787303618834176,0.0052087971814051
KR,2018-05-03,2018-05-07,2018-05-14,0.036549579499866924,0.03554957949986692,hold_days,5,0.01978730218075264,0.015762277319114282
KR,2021-04-26,2021-04-28,2021-05-05,-0.004911509530891811,-0.005911509530891811,hold_days,5,-0.009560282472330539,0.003648772941438728
KR,2021-11-17,2021-11-19,2021-11-26,0.05502568555778553,0.05402568555778553,market_dd,4,-0.023131316549676706,0.07715700210746224
KR,2022-07-14,2022-07-18,2022-07-25,-0.03829167809683387,-0.03929167809683387,hold_days,5,0.035209201109272614,-0.07450087920610649
KR,2023-02-14,2023-02-16,2023-02-21,0.017560201567445866,0.016560201567445865,market_dd,2,-0.022357990875027545,0.03891819244247341
KR,2023-07-10,2023-07-12,2023-07-19,-0.007814168815821643,-0.008814168815821644,hold_days,5,0.018538972735367754,-0.027353141551189397
SYY,2020-12-14,2020-12-16,2020-12-23,-0.013670844857432307,-0.014670844857432308,hold_days,5,0.005847790663329411,-0.02051863552076172
DG,2018-02-12,2018-02-14,2018-02-22,-0.00589621899573578,-0.00689621899573578,hold_days,5,0.0005669221562700777,-0.007463141152005858
DG,2018-07-20,2018-07-24,2018-07-31,-0.004462922324958596,-0.005462922324958596,hold_days,5,0.0016046697628886442,-0.00706759208784724
DG,2019-07-23,2019-07-25,2019-08-01,-0.04044459467778272,-0.04144459467778272,hold_days,5,-0.014391807721083949,-0.02705278695669877
DG,2023-08-17,2023-08-21,2023-08-28,-0.03518586799785273,-0.03618586799785273,hold_days,5,0.003175768247544619,-0.03936163624539735
DG,2024-04-09,2024-04-11,2024-04-12,-0.04268927950444423,-0.043689279504444234,market_dd,1,-0.01920090814646691,-0.024488371357977323
DG,2025-09-09,2025-09-11,2025-09-18,0.014327779835249022,0.01332777983524902,hold_days,5,-0.0026782826849167662,0.016006062520165787
DG,2025-10-01,2025-10-03,2025-10-10,-0.0038902239092633017,-0.004890223909263302,hold_days,5,-0.03030679227034616,0.02541656836108286
DG,2026-03-24,2026-03-26,2026-03-27,-0.017361322248724442,-0.018361322248724443,market_dd,1,-0.021817096116606982,0.003455773867882539
DLTR,2015-10-23,2015-10-27,2015-11-03,0.07188198287986647,0.07088198287986647,hold_days,5,0.018896613437774157,0.05198536944209231
DLTR,2015-12-11,2015-12-15,2015-12-18,-0.01616240055842355,-0.01716240055842355,market_dd,3,-0.014173153967427687,-0.0029892465909958643
DLTR,2016-04-05,2016-04-07,2016-04-14,-0.004836301991570924,-0.005836301991570924,hold_days,5,0.013989130523638815,-0.01982543251520974
DLTR,2018-05-18,2018-05-22,2018-05-29,0.013997277906270478,0.012997277906270477,market_dd,4,-0.009852887723745707,0.022850165630016184
DLTR,2021-02-26,2021-03-02,2021-03-03,0.02961091860071896,0.02861091860071896,market_dd,1,-0.013070101966671355,0.041681020567390314
DLTR,2021-04-26,2021-04-28,2021-05-05,0.005612060544637254,0.004612060544637254,hold_days,5,-0.009560282472330539,0.014172343016967792
DLTR,2021-08-04,2021-08-06,2021-08-13,0.03037359625354008,0.02937359625354008,hold_days,5,0.003965708697498016,0.025407887556042064
ROST,2017-01-23,2017-01-25,2017-02-01,-0.0012126062191393228,-0.0022126062191393228,hold_days,5,-0.0016452755117218887,-0.0005673307074174341
ROST,2017-03-21,2017-03-23,2017-03-30,0.012771366721318511,0.01177136672131851,hold_days,5,0.016237007633031153,-0.004465640911712643
ROST,2017-06-08,2017-06-12,2017-06-19,-0.019560225496310535,-0.020560225496310536,hold_days,5,0.01304987226237797,-0.033610097758688506
ROST,2020-06-26,2020-06-30,2020-07-08,0.009150570864533636,0.008150570864533635,hold_days,5,0.009782946573015261,-0.001632375708481626
ROST,2022-03-23,2022-03-25,2022-04-01,0.004322641346466094,0.003322641346466094,hold_days,5,0.005701338999510863,-0.0023786976530447692
ROST,2024-07-19,2024-07-23,2024-07-24,-0.011754160023316751,-0.012754160023316752,market_dd,1,-0.014918485725309627,0.0021643257019928752
ROST,2024-08-28,2024-08-30,2024-09-03,0.007104546147397306,0.006104546147397306,market_dd,1,-0.015160106577545185,0.02126465272494249
ROST,2026-01-22,2026-01-26,2026-02-02,0.013541478604214952,0.01254147860421495,hold_days,5,-0.002359301863613106,0.014900780467828056
ROST,2026-05-13,2026-05-15,2026-05-22,0.10368970827205137,0.10268970827205137,hold_days,5,0.03192075972725661,0.07076894854479476
BBY,2017-06-12,2017-06-14,2017-06-21,-0.04018818413393843,-0.04118818413393843,hold_days,5,-7.341318685571974e-05,-0.04111477094708271
BBY,2024-04-24,2024-04-26,2024-04-30,-0.01878742063055705,-0.01978742063055705,market_dd,2,-0.008785204342449116,-0.011002216288107936
BBY,2025-07-16,2025-07-18,2025-07-25,-0.0016283788575116587,-0.0026283788575116587,hold_days,5,0.020731277108148705,-0.023359655965660364
AZO,2016-03-18,2016-03-22,2016-03-30,0.021030839453751726,0.020030839453751725,hold_days,5,0.00774853441939416,0.012282305034357566
AZO,2016-05-11,2016-05-13,2016-05-20,-0.010241220703121168,-0.011241220703121169,hold_days,5,0.011421743531214723,-0.02266296423433589
AZO,2017-05-17,2017-05-19,2017-05-26,-0.08614269604955371,-0.08714269604955371,hold_days,5,0.019658911881355712,-0.10680160793090943
AZO,2017-12-15,2017-12-19,2017-12-27,0.008544799861528007,0.007544799861528007,hold_days,5,-0.0035470407323114905,0.011091840593839497
AZO,2021-06-10,2021-06-14,2021-06-18,0.00020926490417938481,-0.0007907350958206152,market_dd,4,-0.02322238935676868,0.022431654260948064
AZO,2022-07-26,2022-07-28,2022-08-04,0.01580883494686125,0.014808834946861249,hold_days,5,0.0170856932040917,-0.002276858257230452
AZO,2022-11-11,2022-11-15,2022-11-17,-0.0019706584368518465,-0.0029706584368518465,market_dd,2,-0.018284616850159918,0.01531395841330807
AZO,2023-08-02,2023-08-04,2023-08-11,0.01339870338984328,0.01239870338984328,hold_days,5,-0.002443415363215795,0.014842118753059075
ULTA,2025-05-21,2025-05-23,2025-06-02,0.16863203294494844,0.16763203294494844,hold_days,5,0.01710084684378943,0.150531186101159
ULTA,2026-05-13,2026-05-15,2026-05-22,0.042000443674267585,0.041000443674267584,hold_days,5,0.03192075972725661,0.009079683947010975
EBAY,2016-09-09,2016-09-13,2016-09-20,-0.01723604572601045,-0.018236045726010452,hold_days,5,0.006822214024811979,-0.02505825975082243
EBAY,2018-05-22,2018-05-24,2018-05-29,-0.006879944487922951,-0.007879944487922952,market_dd,2,-0.011618133088091565,0.0037381886001686127
EBAY,2018-09-06,2018-09-10,2018-09-17,0.014535946850231518,0.013535946850231517,hold_days,5,0.0019156105564344106,0.011620336293797107
EBAY,2021-12-01,2021-12-03,2021-12-10,-0.0023861823134002647,-0.0033861823134002647,hold_days,5,0.0390000690382597,-0.042386251351659965
EBAY,2023-09-22,2023-09-26,2023-10-03,-0.022533912366438758,-0.02353391236643876,hold_days,5,-0.014718858821931025,-0.008815053544507734
EBAY,2024-10-22,2024-10-24,2024-10-31,-0.09561242445933882,-0.09661242445933882,hold_days,5,-0.014514665399751658,-0.08209775905958716
EBAY,2025-09-16,2025-09-18,2025-09-25,0.03917415837355254,0.038174158373552536,hold_days,5,-0.012827112623390424,0.05100127099694296
EBAY,2026-03-20,2026-03-24,2026-03-26,0.003703752827293849,0.002703752827293849,market_dd,2,-0.007054495756550927,0.009758248583844775
ETSY,2016-04-05,2016-04-07,2016-04-14,0.00954653014481388,0.00854653014481388,hold_days,5,0.013989130523638815,-0.0054426003788249355
ETSY,2017-04-07,2017-04-11,2017-04-13,-0.026490041727087132,-0.027490041727087133,market_dd,2,-0.011084820457286204,-0.01640522126980093
ETSY,2026-01-30,2026-02-03,2026-02-05,0.021955303975316864,0.020955303975316864,market_dd,2,-0.005498191853973489,0.026453495829290352
LULU,2015-09-29,2015-10-01,2015-10-08,0.07816229913660977,0.07716229913660977,hold_days,5,0.03115732454752851,0.04600497458908126
LULU,2023-02-24,2023-02-28,2023-03-07,-0.023900434530026327,-0.024900434530026327,hold_days,5,-0.00031062483953203657,-0.02458980969049429
LULU,2025-01-16,2025-01-21,2025-01-28,0.09820019878460129,0.09720019878460129,hold_days,5,0.009344938259690183,0.0878552605249111
LULU,2025-03-04,2025-03-06,2025-03-10,-0.04072545073376732,-0.04172545073376732,market_dd,2,-0.013479140175190252,-0.02824631055857707
DPZ,2016-02-09,2016-02-11,2016-02-19,0.055846499202520716,0.054846499202520715,hold_days,5,0.06704778303318193,-0.012201283830661214
DPZ,2016-12-05,2016-12-07,2016-12-14,-0.03189136965684525,-0.03289136965684525,hold_days,5,0.0018385447559150503,-0.0347299144127603
DPZ,2024-12-03,2024-12-05,2024-12-12,-0.001117260916092766,-0.002117260916092766,hold_days,5,-0.009140368782062591,0.007023107865969825
CMG,2015-09-22,2015-09-24,2015-09-28,-0.031647909128010854,-0.032647909128010855,market_dd,2,-0.03307946084754565,0.0004315517195347951
CMG,2020-09-08,2020-09-10,2020-09-17,-0.06352357696272559,-0.06452357696272559,hold_days,5,0.01462613428738857,-0.07914971125011416
CMG,2021-01-27,2021-01-29,2021-02-05,0.01816214718480813,0.01716214718480813,hold_days,5,0.052038496449301475,-0.034876349264493345
CMG,2023-02-24,2023-02-28,2023-03-07,0.012474171107367482,0.011474171107367481,hold_days,5,-0.00031062483953203657,0.011784795946899518
CMG,2026-05-26,2026-05-28,2026-06-04,-0.13078340848985515,-0.13178340848985515,hold_days,5,0.01547278954286635,-0.1472561980327215
MAR,2016-06-14,2016-06-16,2016-06-23,0.05122735012702018,0.050227350127020176,hold_days,5,0.022839645700565292,0.027387704426454884
MAR,2017-01-05,2017-01-09,2017-01-17,0.001580395461420192,0.000580395461420192,hold_days,5,0.009675081018183151,-0.00909468555676296
MAR,2018-05-29,2018-05-31,2018-06-07,0.030141838306777746,0.029141838306777745,hold_days,5,0.026789600024076377,0.002352238282701369
MAR,2019-08-23,2019-08-27,2019-09-04,0.0027126990290269326,0.0017126990290269326,hold_days,5,0.021143613635109304,-0.019430914606082372
MAR,2022-09-16,2022-09-20,2022-09-21,-0.05630199189521845,-0.05730199189521845,market_dd,1,-0.016884214408310227,-0.040417777486908224
MAR,2024-05-01,2024-05-03,2024-05-10,0.025022424265708887,0.024022424265708886,hold_days,5,0.02362876235471134,0.00039366191099754477
MAR,2024-08-05,2024-08-07,2024-08-14,0.01084878835708647,0.009848788357086469,hold_days,5,0.03825935836548622,-0.02841057000839975
HLT,2019-03-27,2019-03-29,2019-04-05,0.05210005703131282,0.05110005703131282,hold_days,5,0.025528092723222873,0.025571964308089945
HLT,2019-08-23,2019-08-27,2019-09-04,0.01283876247902005,0.011838762479020049,hold_days,5,0.021143613635109304,-0.009304851156089256
HLT,2023-08-21,2023-08-23,2023-08-24,-0.017432379752431504,-0.018432379752431505,market_dd,1,-0.014020447209082465,-0.00441193254334904
HLT,2025-06-13,2025-06-17,2025-06-25,0.027331302236089927,0.026331302236089926,hold_days,5,0.01856484321109142,0.007766459024998507
HLT,2026-05-13,2026-05-15,2026-05-22,0.016001768377518433,0.015001768377518432,hold_days,5,0.03192075972725661,-0.016918991349738177
BKNG,2020-01-21,2020-01-23,2020-01-27,-0.042298800040085904,-0.043298800040085905,market_dd,2,-0.02636341681926524,-0.016935383220820666
BKNG,2021-06-18,2021-06-22,2021-06-29,-0.03496823486620404,-0.03596823486620404,hold_days,5,0.011417790390907179,-0.04738602525711122
BKNG,2023-10-03,2023-10-05,2023-10-12,0.010017430279528616,0.009017430279528615,hold_days,5,0.008554547951536318,0.0004628823279922978
BKNG,2025-10-01,2025-10-03,2025-10-10,-0.046717945660901705,-0.047717945660901706,hold_days,5,-0.03030679227034616,-0.017411153390555545
EXPE,2019-02-28,2019-03-04,2019-03-07,-0.012210616917079475,-0.013210616917079476,market_dd,3,-0.02201176188211551,0.008801144965036034
CCL,2019-05-13,2019-05-15,2019-05-22,-0.021565427753570177,-0.022565427753570177,hold_days,5,0.003175514260506773,-0.02574094201407695
CCL,2021-01-04,2021-01-06,2021-01-13,-0.014705897720580619,-0.01570589772058062,hold_days,5,0.01939291431708412,-0.03509881203766474
CCL,2023-08-18,2023-08-22,2023-08-29,0.02426564100399986,0.02326564100399986,hold_days,5,0.018507722703737572,0.004757918300262287
CCL,2025-09-19,2025-09-23,2025-09-30,-0.05861282811488222,-0.05961282811488222,hold_days,5,0.0065112415987746974,-0.06612406971365692
RCL,2018-10-11,2018-10-15,2018-10-22,-0.0269143080468226,-0.0279143080468226,hold_days,5,0.0002391774651513412,-0.02815348551197394
RCL,2019-03-04,2019-03-06,2019-03-08,-0.00469718750704462,-0.00569718750704462,market_dd,2,-0.01104718206351818,0.005349994556473559
RCL,2019-10-02,2019-10-04,2019-10-08,-0.022069561236325752,-0.023069561236325753,market_dd,2,-0.024452219707502332,0.0013826584711765788
RCL,2023-10-13,2023-10-17,2023-10-18,-0.042427536317830916,-0.04342753631783092,market_dd,1,-0.012954887611127841,-0.030472648706703076
NCLH,2016-06-06,2016-06-08,2016-06-10,-0.020457552219648734,-0.021457552219648734,market_dd,2,-0.015254615831711726,-0.006202936387937008
NCLH,2025-10-01,2025-10-03,2025-10-10,-0.07689140441406905,-0.07789140441406905,hold_days,5,-0.03030679227034616,-0.04758461214372289
NCLH,2026-09-10,2026-09-14,2026-09-21,-0.0326087287502157,-0.0336087287502157,hold_days,5,-0.00092934019142632,-0.03267938855878938
CI,2016-06-13,2016-06-15,2016-06-22,0.01058773389453882,0.009587733894538819,hold_days,5,0.008141948228879814,0.0014457856656590051
CI,2022-08-26,2022-08-30,2022-09-02,0.009225815509638302,0.008225815509638301,market_dd,3,-0.015841713226179888,0.02406752873581819
CI,2022-10-10,2022-10-12,2022-10-19,0.016368421232747732,0.015368421232747731,hold_days,5,0.02126523926301571,-0.005896818030267981
CI,2022-11-11,2022-11-15,2022-11-17,0.022708649562124927,0.021708649562124926,market_dd,2,-0.018284616850159918,0.039993266412284845
CI,2026-05-26,2026-05-28,2026-06-04,-0.007115974767940791,-0.008115974767940792,hold_days,5,0.01547278954286635,-0.023588764310807142
HUM,2016-04-11,2016-04-13,2016-04-20,0.026712006666917976,0.025712006666917975,hold_days,5,0.004203965097975049,0.021508041568942926
HUM,2017-03-27,2017-03-29,2017-04-05,0.019608780401421333,0.018608780401421332,hold_days,5,-0.00780317814326259,0.026411958544683922
HUM,2018-06-26,2018-06-28,2018-07-06,0.040506341962762926,0.039506341962762925,hold_days,5,0.022377569490296345,0.01712877247246658
HUM,2020-01-27,2020-01-29,2020-01-31,-0.043604060558081525,-0.044604060558081526,market_dd,2,-0.017730954643960795,-0.026873105914120732
HUM,2022-08-31,2022-09-02,2022-09-12,0.0035921250073185362,0.002592125007318536,hold_days,5,0.06218255656161431,-0.059590431554295775
ELV,2017-04-13,2017-04-18,2017-04-25,0.0366054036926029,0.0356054036926029,hold_days,5,0.0263626577821392,0.009242745910463701
ELV,2019-06-26,2019-06-28,2019-07-08,0.008965090609300841,0.00796509060930084,hold_days,5,0.009202171990264407,-0.0012370813809635672
ELV,2019-10-08,2019-10-10,2019-10-17,0.050668150894334296,0.049668150894334295,hold_days,5,0.023596976935617242,0.026071173958717053
ELV,2021-05-20,2021-05-24,2021-06-01,-0.00030428274827376534,-0.0013042827482737654,hold_days,5,0.00900074082566027,-0.010305023573934036
ELV,2021-11-02,2021-11-04,2021-11-11,0.019072068396854602,0.0180720683968546,hold_days,5,0.0008317342871468902,0.01724033410970771
ELV,2023-03-10,2023-03-14,2023-03-21,0.02424896216230832,0.023248962162308318,hold_days,5,0.01493924285332704,0.008309719308981278
ELV,2025-02-12,2025-02-14,2025-02-21,-0.010661629179325338,-0.011661629179325339,market_dd,4,-0.004570803985791239,-0.0070908251935341005
ELV,2025-09-04,2025-09-08,2025-09-15,0.0013782635889507677,0.0003782635889507677,hold_days,5,-0.006813025891310276,0.007191289480261044
CNC,2017-09-19,2017-09-21,2017-09-28,0.05620452495246764,0.05520452495246764,hold_days,5,0.004698451694486572,0.050506073257981066
CNC,2018-09-10,2018-09-12,2018-09-19,-0.008386411597695043,-0.009386411597695044,hold_days,5,0.009558067433288686,-0.01894447903098373
CNC,2019-06-26,2019-06-28,2019-07-08,-0.022501913350065905,-0.023501913350065906,hold_days,5,0.009202171990264407,-0.03270408534033031
CNC,2021-09-30,2021-10-04,2021-10-11,0.009115619797724017,0.008115619797724016,hold_days,5,0.0131510830096504,-0.005035463211926383
CNC,2022-08-26,2022-08-30,2022-09-02,-0.01250136373645716,-0.013501363736457161,market_dd,3,-0.015841713226179888,0.002340349489722726
CNC,2025-06-02,2025-06-04,2025-06-11,0.006006586081242826,0.005006586081242826,hold_days,5,0.0033241913598189843,0.001682394721423842
MCK,2015-12-09,2015-12-11,2015-12-18,0.016770906793427187,0.015770906793427186,hold_days,5,0.00031271966091406256,0.015458187132513124
MCK,2025-11-12,2025-11-14,2025-11-18,0.022159038773970074,0.021159038773970074,market_dd,2,-0.016225339793699,0.037384378567669074
COR,2015-07-27,2015-07-29,2015-08-05,-0.004917519030839146,-0.005917519030839146,hold_days,5,0.011840725466188085,-0.01775824449702723
COR,2016-06-14,2016-06-16,2016-06-23,0.02039501507807273,0.01939501507807273,hold_days,5,0.022839645700565292,-0.0034446306224925616
COR,2020-06-24,2020-06-26,2020-07-06,0.028174658979675193,0.027174658979675193,hold_days,5,0.048794985461840135,-0.021620326482164942
ZBH,2019-08-23,2019-08-27,2019-09-04,0.026096792777596578,0.025096792777596577,hold_days,5,0.021143613635109304,0.003953179142487273
ZBH,2022-07-14,2022-07-18,2022-07-25,0.042713604504408975,0.041713604504408974,hold_days,5,0.035209201109272614,0.00650440339513636
BSX,2017-11-02,2017-11-06,2017-11-13,0.023013351646441027,0.022013351646441026,hold_days,5,-0.0012320292861586202,0.023245380932599646
BSX,2018-10-24,2018-10-26,2018-11-02,0.027351367350111122,0.02635136735011112,hold_days,5,0.04726188780941931,-0.02091052045930819
BSX,2023-07-07,2023-07-11,2023-07-18,0.006863691231934865,0.005863691231934865,hold_days,5,0.015698663762454768,-0.009834972530519903
BSX,2023-08-02,2023-08-04,2023-08-11,0.006111939099623154,0.005111939099623154,hold_days,5,-0.002443415363215795,0.007555354462838949
BSX,2025-12-11,2025-12-15,2025-12-17,0.024840013611918677,0.023840013611918676,market_dd,2,-0.010437027105331675,0.03427704071725035
EW,2015-12-11,2015-12-15,2015-12-18,-0.022491508806931626,-0.023491508806931627,market_dd,3,-0.014173153967427687,-0.00931835483950394
EW,2017-07-06,2017-07-10,2017-07-17,-0.012167076536466426,-0.013167076536466427,hold_days,5,0.013210760277273081,-0.026377836813739508
EW,2017-08-25,2017-08-29,2017-09-06,0.0035768029713907357,0.0025768029713907356,hold_days,5,0.012722399868485113,-0.010145596897094378
EW,2018-06-27,2018-06-29,2018-07-09,0.00975471814256812,0.008754718142568119,hold_days,5,0.030964692946775285,-0.022209974804207167
EW,2020-01-27,2020-01-29,2020-01-31,-0.05530014420548757,-0.05630014420548757,market_dd,2,-0.017730954643960795,-0.03856918956152677
EW,2021-06-28,2021-06-30,2021-07-08,0.04460753847827714,0.04360753847827714,hold_days,5,-0.006226953650712463,0.049834492128989605
EW,2024-04-04,2024-04-08,2024-04-12,-0.022308833011599916,-0.023308833011599916,market_dd,4,-0.026708226616138253,0.0033993936045383366
HCA,2017-06-16,2017-06-20,2017-06-27,0.027107669780746635,0.026107669780746634,hold_days,5,-0.007141416201221662,0.033249085981968296
HCA,2018-04-26,2018-04-30,2018-05-07,0.01963634983167495,0.018636349831674948,hold_days,5,0.005360766400228645,0.013275583431446303
HCA,2018-10-11,2018-10-15,2018-10-22,-0.0030129665243454617,-0.004012966524345462,hold_days,5,0.0002391774651513412,-0.004252143989496803
HCA,2024-05-23,2024-05-28,2024-05-30,0.05159089310440468,0.05059089310440468,market_dd,2,-0.00888136226139602,0.0594722553658007
HCA,2024-06-17,2024-06-20,2024-06-27,0.014540450442461994,0.013540450442461993,hold_days,5,-0.0006786358274641913,0.014219086269926184
HCA,2026-04-28,2026-04-30,2026-05-07,-0.012498593231320188,-0.013498593231320188,hold_days,5,0.014064319851088136,-0.027562913082408325
DXCM,2024-09-25,2024-09-27,2024-10-04,0.012186055634827664,0.011186055634827663,hold_days,5,-0.011348538966060029,0.022534594600887692
IDXX,2018-03-19,2018-03-21,2018-03-22,-0.03171348439405275,-0.03271348439405275,market_dd,1,-0.022469193612086547,-0.010244290781966203
IDXX,2023-06-07,2023-06-09,2023-06-16,0.07132877328363918,0.07032877328363918,hold_days,5,0.026760187257856005,0.043568586025783174
IDXX,2023-09-08,2023-09-12,2023-09-19,-0.027099443475488205,-0.028099443475488206,hold_days,5,-0.005580551038614989,-0.022518892436873217
IDXX,2024-11-19,2024-11-21,2024-11-29,0.0076454719874801125,0.0066454719874801125,hold_days,5,0.022819551640895552,-0.01617407965341544
IQV,2017-08-04,2017-08-08,2017-08-10,-0.034189903349781336,-0.03518990334978134,market_dd,2,-0.018994446179203206,-0.01619545717057813
IQV,2018-03-23,2018-03-27,2018-04-02,-0.04357386284962084,-0.04457386284962084,market_dd,3,-0.00845519581787646,-0.03611866703174438
IQV,2018-08-15,2018-08-17,2018-08-24,0.04273361690899158,0.04173361690899158,hold_days,5,0.015643186719065394,0.026090430189926184
IQV,2019-08-23,2019-08-27,2019-09-04,-0.014317303760319255,-0.015317303760319256,hold_days,5,0.021143613635109304,-0.03646091739542856
IQV,2019-12-11,2019-12-13,2019-12-20,0.07663093114952346,0.07563093114952346,hold_days,5,0.019122683874921886,0.056508247274601575
IQV,2022-02-17,2022-02-22,2022-02-23,-0.014925394253313518,-0.01592539425331352,market_dd,1,-0.0191805429054015,0.00325514865208798
IQV,2025-01-15,2025-01-17,2025-01-27,0.04884474746572742,0.04784474746572742,hold_days,5,0.018796319297882835,0.029048428167844587
A,2016-04-29,2016-05-03,2016-05-10,0.01842857863692493,0.01742857863692493,hold_days,5,0.007459485951410549,0.00996909268551438
A,2023-02-24,2023-02-28,2023-03-07,-0.011551783898811507,-0.012551783898811508,hold_days,5,-0.00031062483953203657,-0.012241159059279472
A,2023-05-09,2023-05-11,2023-05-18,0.011593340277028075,0.010593340277028074,hold_days,5,0.023740941012207806,-0.013147600735179732
A,2024-01-11,2024-01-16,2024-01-23,0.008503632379029513,0.007503632379029513,hold_days,5,0.02141751748521381,-0.013913885106184298
MTD,2019-08-23,2019-08-27,2019-09-04,0.019992897164674783,0.018992897164674782,hold_days,5,0.021143613635109304,-0.0021507164704345216
MTD,2023-10-25,2023-10-27,2023-11-03,0.05716779369398206,0.05616779369398206,hold_days,5,0.05625676454975803,-8.897085577597164e-05
MTD,2026-09-10,2026-09-14,2026-09-21,0.11253349516332878,0.11153349516332878,hold_days,5,-0.00092934019142632,0.1124628353547551
WAT,2019-07-17,2019-07-19,2019-07-26,0.018294982405842486,0.017294982405842485,hold_days,5,0.016569899266138277,0.0007250831397042079
WAT,2021-02-26,2021-03-02,2021-03-03,-0.030106192886730332,-0.031106192886730333,market_dd,1,-0.013070101966671355,-0.018036090920058978
RMD,2017-07-06,2017-07-10,2017-07-17,0.010413679214104077,0.009413679214104076,hold_days,5,0.013210760277273081,-0.0037970810631690055
RMD,2018-06-27,2018-06-29,2018-07-09,0.03523824997054348,0.03423824997054348,hold_days,5,0.030964692946775285,0.003273557023768192
RMD,2019-08-05,2019-08-07,2019-08-14,0.0196121297646763,0.0186121297646763,hold_days,5,-0.016173616586121264,0.034785746350797564
RMD,2020-09-08,2020-09-10,2020-09-17,0.004823957249003863,0.003823957249003863,hold_days,5,0.01462613428738857,-0.010802177038384708
RMD,2021-10-04,2021-10-06,2021-10-13,-0.015302459759329201,-0.016302459759329202,hold_days,5,0.002844715431898903,-0.019147175191228105
RMD,2023-02-10,2023-02-14,2023-02-16,-4.678855602102683e-05,-0.0010467885560210268,market_dd,2,-0.006274483593399549,0.005227695037378522
RMD,2025-03-21,2025-03-25,2025-03-26,0.0026662471584524283,0.0016662471584524283,market_dd,1,-0.0037206704658828693,0.005386917624335298
RMD,2025-10-17,2025-10-21,2025-10-28,-0.04343447525704203,-0.04443447525704203,hold_days,5,-0.001754633339236089,-0.04267984191780594
ALGN,2017-06-12,2017-06-14,2017-06-21,0.0354816008933212,0.034481600893321196,hold_days,5,-7.341318685571974e-05,0.034555014080176916
VRTX,2021-04-22,2021-04-26,2021-05-03,0.004516733751327218,0.0035167337513272176,hold_days,5,-0.0038996921239360383,0.007416425875263256
VRTX,2021-08-02,2021-08-04,2021-08-11,-0.021744558432394312,-0.022744558432394313,hold_days,5,0.011980916536116437,-0.03472547496851075
VRTX,2022-12-13,2022-12-15,2022-12-16,-0.011673171772902058,-0.012673171772902059,market_dd,1,-0.008398147110435628,-0.004275024662466431
VRTX,2023-07-07,2023-07-11,2023-07-18,0.05044777095045094,0.04944777095045094,hold_days,5,0.015698663762454768,0.033749107187996175
VRTX,2024-04-04,2024-04-08,2024-04-12,-0.01897484885599854,-0.01997484885599854,market_dd,4,-0.026708226616138253,0.006733377760139714
REGN,2016-01-28,2016-02-01,2016-02-02,-0.020034776035277146,-0.021034776035277147,market_dd,1,-0.02128592974726673,0.00025115371198958236
REGN,2017-01-26,2017-01-30,2017-02-06,0.05079833362007702,0.04979833362007702,hold_days,5,0.014301084638965289,0.03549724898111173
REGN,2019-05-31,2019-06-04,2019-06-11,0.015824796430446098,0.014824796430446097,hold_days,5,0.02596513434826697,-0.011140337917820875
REGN,2019-09-27,2019-10-01,2019-10-02,-0.008463924833849168,-0.009463924833849169,market_dd,1,-0.017355492895839375,0.007891568061990206
REGN,2021-04-30,2021-05-04,2021-05-11,0.03299823597211149,0.03199823597211149,hold_days,5,-0.0020677421369529325,0.03406597810906442
REGN,2022-01-18,2022-01-20,2022-01-21,0.011426106215855825,0.010426106215855824,market_dd,1,-0.01698508351433603,0.027411189730191854
REGN,2024-04-04,2024-04-08,2024-04-12,-0.03599446781325988,-0.03699446781325988,market_dd,4,-0.026708226616138253,-0.010286241197121626
REGN,2024-04-26,2024-04-30,2024-05-07,0.08904622287184938,0.08804622287184938,hold_days,5,0.010515951061679907,0.07753027181016947
REGN,2025-09-25,2025-09-29,2025-10-06,0.04410151001186158,0.04310151001186158,hold_days,5,0.016135541331843806,0.02696596868001777
REGN,2025-10-08,2025-10-10,2025-10-17,0.023767604868648595,0.022767604868648594,hold_days,5,0.014227436985404518,0.008540167883244076
BIIB,2022-06-28,2022-06-30,2022-07-08,0.07286457013072245,0.07186457013072245,hold_days,5,0.03598350519443594,0.03588106493628651
MRNA,2019-07-17,2019-07-19,2019-07-26,0.0007087334603232964,-0.0002912665396767036,hold_days,5,0.016569899266138277,-0.01686116580581498
MRNA,2021-03-03,2021-03-05,2021-03-12,0.03631139241324566,0.03531139241324566,hold_days,5,0.029826102644722186,0.005485289768523471
MRNA,2024-09-04,2024-09-06,2024-09-13,-0.06324599600704972,-0.06424599600704972,hold_days,5,0.027199176229619315,-0.09144517223666904
MET,2016-03-24,2016-03-29,2016-04-05,0.010127187405067684,0.009127187405067683,hold_days,5,0.001758744923739064,0.007368442481328619
MET,2016-06-03,2016-06-07,2016-06-13,-0.03703662816009079,-0.03803662816009079,market_dd,4,-0.017836500939467204,-0.020200127220623587
MET,2017-03-27,2017-03-29,2017-04-05,-0.005365692652249843,-0.006365692652249843,hold_days,5,-0.00780317814326259,0.0014374854910127475
MET,2017-08-29,2017-08-31,2017-09-08,0.00661979059560136,0.00561979059560136,hold_days,5,-0.001172431365543014,0.006792221961144374
MET,2018-12-11,2018-12-13,2018-12-14,-0.015941280728212215,-0.016941280728212216,market_dd,1,-0.015734591643366547,-0.001206689084845669
MET,2019-05-13,2019-05-15,2019-05-22,0.02035247949067087,0.01935247949067087,hold_days,5,0.003175514260506773,0.016176965230164098
MET,2022-09-16,2022-09-20,2022-09-21,-0.014811316687661225,-0.015811316687661225,market_dd,1,-0.016884214408310227,0.001072897720649002
MET,2025-03-04,2025-03-06,2025-03-10,-0.036974045632315544,-0.037974045632315545,market_dd,2,-0.013479140175190252,-0.024494905457125293
MET,2026-02-27,2026-03-03,2026-03-06,-0.011559054484458597,-0.012559054484458598,market_dd,3,-0.013545144931165987,0.0009860904467073883
PRU,2019-05-23,2019-05-28,2019-05-31,-0.041104188142566556,-0.042104188142566557,market_dd,3,-0.013970131756956272,-0.028134056385610284
PRU,2022-04-07,2022-04-11,2022-04-19,0.025064271874817523,0.024064271874817522,hold_days,5,0.01945394628152375,0.004610325593293774
PRU,2023-03-02,2023-03-06,2023-03-07,-0.026379839954007944,-0.027379839954007945,market_dd,1,-0.013983328964096264,-0.01339651098991168
PRU,2025-05-01,2025-05-05,2025-05-12,0.04558292478516468,0.04458292478516468,hold_days,5,0.035650245930996194,0.008932678854168485
PRU,2025-05-21,2025-05-23,2025-06-02,0.016483490164990622,0.015483490164990621,hold_days,5,0.01710084684378943,-0.0016173566787988092
PRU,2026-01-20,2026-01-22,2026-01-29,0.010113205621646859,0.009113205621646858,hold_days,5,-0.0013198304670480887,0.010433036088694947
PRU,2026-02-27,2026-03-03,2026-03-06,-0.016506239508729315,-0.017506239508729315,market_dd,3,-0.013545144931165987,-0.003961094577563329
AIG,2017-06-30,2017-07-05,2017-07-12,0.006530828816716072,0.005530828816716072,hold_days,5,0.005290960753705276,0.00023986806301079609
AIG,2018-05-29,2018-05-31,2018-06-07,0.020458468691211262,0.01945846869121126,hold_days,5,0.026789600024076377,-0.007331131332865115
AIG,2024-02-01,2024-02-05,2024-02-12,0.011606012764377782,0.010606012764377781,hold_days,5,0.014278848284010603,-0.003672835519632822
AIG,2024-08-05,2024-08-07,2024-08-14,0.03301211185580111,0.032012111855801106,hold_days,5,0.03825935836548622,-0.0062472465096851115
AIG,2024-12-12,2024-12-16,2024-12-18,-0.02899159594423739,-0.029991595944237393,market_dd,2,-0.0352029572670115,0.005211361322774111
AIG,2025-07-02,2025-07-07,2025-07-14,-0.01686119020734389,-0.01786119020734389,hold_days,5,0.0012530891364008756,-0.019114279343744767
AIG,2026-03-09,2026-03-11,2026-03-12,-0.019109996129169082,-0.020109996129169083,market_dd,1,-0.02008513227394615,-2.4863855222934106e-05
TRV,2016-04-07,2016-04-11,2016-04-18,0.010716342866045503,0.009716342866045502,hold_days,5,0.020646427878575624,-0.010930085012530122
TRV,2018-06-21,2018-06-25,2018-07-02,-0.010750301476132762,-0.011750301476132763,hold_days,5,-0.003481841702305921,-0.008268459773826842
TRV,2019-08-23,2019-08-27,2019-09-04,0.02080208691048746,0.01980208691048746,hold_days,5,0.021143613635109304,-0.0013415267246218443
TRV,2020-01-31,2020-02-04,2020-02-11,0.03620461218438642,0.03520461218438642,hold_days,5,0.02148008667081691,0.013724525513569508
TRV,2020-05-01,2020-05-05,2020-05-12,-0.029839994260657865,-0.030839994260657866,hold_days,5,0.015083478055752497,-0.04592347231641036
TRV,2020-08-04,2020-08-06,2020-08-13,0.04861930902030753,0.04761930902030753,hold_days,5,0.017988106363520995,0.029631202656786537
TRV,2024-12-12,2024-12-16,2024-12-18,-0.04158032648750698,-0.04258032648750698,market_dd,2,-0.0352029572670115,-0.007377369220495478
TRV,2025-06-11,2025-06-13,2025-06-23,0.015751258556269798,0.014751258556269797,hold_days,5,0.013030582236857047,0.0017206763194127506
TRV,2026-08-19,2026-08-21,2026-08-28,0.017382769960635702,0.0163827699606357,hold_days,5,0.00031335872903848205,0.01606941123159722
ALL,2016-06-15,2016-06-17,2016-06-24,-0.00240834534546408,-0.00340834534546408,hold_days,5,-0.018103911722440524,0.014695566376976443
ALL,2018-01-24,2018-01-26,2018-01-30,-0.02069011921997921,-0.02169011921997921,market_dd,2,-0.01585579741039167,-0.005834321809587539
ALL,2018-10-24,2018-10-26,2018-11-02,-0.030109608857067927,-0.031109608857067927,hold_days,5,0.04726188780941931,-0.07837149666648724
ALL,2019-06-21,2019-06-25,2019-07-02,0.01633676719724697,0.01533676719724697,hold_days,5,0.022137239600777736,-0.006800472403530766
ALL,2023-03-02,2023-03-06,2023-03-07,-0.02366777404773146,-0.02466777404773146,market_dd,1,-0.013983328964096264,-0.010684445083635197
ALL,2024-05-23,2024-05-28,2024-05-30,0.001882422675161255,0.0008824226751612549,market_dd,2,-0.00888136226139602,0.009763784936557274
ALL,2025-02-10,2025-02-12,2025-02-20,-0.0007923673943485143,-0.0017923673943485144,hold_days,5,0.014996197642652254,-0.01678856503700077
ALL,2025-07-15,2025-07-17,2025-07-24,0.004766381394244457,0.0037663813942444566,hold_days,5,0.012378126788401556,-0.0086117453941571
ALL,2025-07-28,2025-07-30,2025-08-01,0.03895357599656246,0.03795357599656246,market_dd,2,-0.02436471136724727,0.06231828736380973
PGR,2016-06-15,2016-06-17,2016-06-24,-0.004086471131586,-0.005086471131586,hold_days,5,-0.018103911722440524,0.013017440590854523
PGR,2017-08-11,2017-08-15,2017-08-17,0.019331947174725306,0.018331947174725305,market_dd,2,-0.009307299817830739,0.027639246992556044
PGR,2022-03-31,2022-04-04,2022-04-05,0.0011393230961098677,0.00013932309610986768,market_dd,1,-0.011409495445544038,0.011548818541653905
PGR,2022-09-16,2022-09-20,2022-09-21,-0.029896013023952617,-0.030896013023952618,market_dd,1,-0.016884214408310227,-0.01401179861564239
PGR,2025-10-06,2025-10-08,2025-10-10,-0.012589535614726532,-0.013589535614726533,market_dd,2,-0.029223820686914648,0.015634285072188114
PGR,2026-01-16,2026-01-21,2026-01-28,0.0479803476406071,0.0469803476406071,hold_days,5,0.002906621149258326,0.044073726491348775
AFL,2016-10-21,2016-10-25,2016-11-01,-0.017949912119560207,-0.01894991211956021,hold_days,5,-0.01830708375733503,-0.0006428283622251785
AFL,2017-07-06,2017-07-10,2017-07-17,0.0012881301706082482,0.00028813017060824817,hold_days,5,0.013210760277273081,-0.012922630106664834
AFL,2018-05-03,2018-05-07,2018-05-14,0.01457710335676965,0.013577103356769649,hold_days,5,0.01978730218075264,-0.006210198823982993
AFL,2019-04-15,2019-04-17,2019-04-25,0.002854944903499579,0.0018549449034995788,hold_days,5,0.014681167366002112,-0.012826222462502535
AFL,2020-08-04,2020-08-06,2020-08-13,0.06608315343925897,0.06508315343925897,hold_days,5,0.017988106363520995,0.04709504707573797
AFL,2021-02-26,2021-03-02,2021-03-03,0.006167583347533867,0.005167583347533867,market_dd,1,-0.013070101966671355,0.01823768531420522
AFL,2021-06-18,2021-06-22,2021-06-29,0.01362864739388936,0.012628647393889358,hold_days,5,0.011417790390907179,0.0012108570029821797
AFL,2022-02-14,2022-02-16,2022-02-17,-0.020458833427902112,-0.021458833427902113,market_dd,1,-0.022161365408955302,0.0007025319810531894
AFL,2022-07-14,2022-07-18,2022-07-25,0.034890340543964005,0.033890340543964004,hold_days,5,0.035209201109272614,-0.0013188605653086105
AFL,2023-01-09,2023-01-11,2023-01-18,-0.00041744803859866675,-0.0014174480385986668,market_dd,4,-0.004045545532521455,0.0026280974939227883
AFL,2023-02-23,2023-02-27,2023-03-06,-0.00014661120649983594,-0.001146611206499836,hold_days,5,0.011714425790682048,-0.012861036997181885
AFL,2024-05-03,2024-05-07,2024-05-14,0.019131077316572487,0.018131077316572486,hold_days,5,0.016787828979418107,0.001343248337154379
AFL,2025-06-11,2025-06-13,2025-06-23,0.026032439955884223,0.025032439955884223,hold_days,5,0.013030582236857047,0.012001857719027176
CB,2016-07-21,2016-07-25,2016-08-01,-0.02086923056489609,-0.02186923056489609,hold_days,5,0.005480244655562849,-0.02734947522045894
CB,2018-03-23,2018-03-27,2018-04-02,-0.019780926489633366,-0.020780926489633367,market_dd,3,-0.00845519581787646,-0.012325730671756907
CB,2018-05-29,2018-05-31,2018-06-07,0.011783675572555108,0.010783675572555107,hold_days,5,0.026789600024076377,-0.01600592445152127
CB,2019-11-21,2019-11-25,2019-12-03,-0.003933935233145669,-0.004933935233145669,hold_days,5,-0.01768723588137988,0.012753300648234212
AON,2015-09-18,2015-09-22,2015-09-28,-0.012509387321817722,-0.013509387321817723,market_dd,4,-0.03793776205561361,0.024428374733795888
AON,2016-10-11,2016-10-13,2016-10-20,-0.0015430372119571434,-0.0025430372119571434,hold_days,5,0.002538816910906405,-0.0050818541228635486
AON,2016-11-02,2016-11-04,2016-11-11,0.02504884428647336,0.02404884428647336,hold_days,5,0.050681316196524495,-0.026632471910051136
AON,2018-01-16,2018-01-18,2018-01-25,0.03309179315668542,0.03209179315668542,hold_days,5,0.015797896844101933,0.01629389631258349
AON,2018-05-29,2018-05-31,2018-06-07,0.015514463016422564,0.014514463016422563,hold_days,5,0.026789600024076377,-0.012275137007653814
AON,2019-08-23,2019-08-27,2019-09-04,0.02228699604450113,0.021286996044501127,hold_days,5,0.021143613635109304,0.00014338240939182345
MSCI,2016-09-09,2016-09-13,2016-09-20,0.00930870503227288,0.008308705032272878,hold_days,5,0.006822214024811979,0.0014864910074608995
MSCI,2026-09-10,2026-09-14,2026-09-21,0.009608861292280668,0.008608861292280667,hold_days,5,-0.00092934019142632,0.009538201483706987
SPGI,2016-11-28,2016-11-30,2016-12-07,-0.03907900217535809,-0.04007900217535809,hold_days,5,0.013711072358228327,-0.05379007453358642
SPGI,2018-05-29,2018-05-31,2018-06-07,0.03954415158395452,0.03854415158395452,hold_days,5,0.026789600024076377,0.011754551559878146
SPGI,2019-05-13,2019-05-15,2019-05-22,0.02777265562408826,0.02677265562408826,hold_days,5,0.003175514260506773,0.023597141363581486
MCO,2016-01-15,2016-01-20,2016-01-27,0.021827495924653384,0.020827495924653383,hold_days,5,0.004181258358041839,0.016646237566611544
MCO,2021-11-03,2021-11-05,2021-11-10,0.0014983306360694115,0.0004983306360694115,market_dd,3,-0.007495681104826346,0.007994011740895757
MCO,2022-01-18,2022-01-20,2022-01-21,-0.009847223094506363,-0.010847223094506364,market_dd,1,-0.01698508351433603,0.006137860419829666
MCO,2024-04-16,2024-04-18,2024-04-25,0.0015483628832044793,0.0005483628832044793,hold_days,5,0.025165126282407968,-0.02461676339920349
ICE,2016-10-11,2016-10-13,2016-10-20,-0.005739878202584481,-0.006739878202584481,hold_days,5,0.002538816910906405,-0.009278695113490887
ICE,2016-11-16,2016-11-18,2016-11-28,-0.013498608062036954,-0.014498608062036955,hold_days,5,0.007301797941165811,-0.021800406003202766
ICE,2025-07-08,2025-07-10,2025-07-17,0.0006599654743995043,-0.00034003452560049576,hold_days,5,-0.009423807195103162,0.009083772669502665
CME,2015-10-06,2015-10-08,2015-10-15,-0.0076765109577144885,-0.00867651095771449,hold_days,5,0.0008245517668981073,-0.009501062724612597
CME,2019-03-22,2019-03-26,2019-04-02,0.023880760295603043,0.022880760295603042,hold_days,5,0.02048220266174683,0.002398557633856213
CME,2019-12-12,2019-12-16,2019-12-23,0.0004920448013956413,-0.0005079551986043587,hold_days,5,0.012091631866905761,-0.01259958706551012
CME,2021-04-28,2021-04-30,2021-05-07,0.0046042965787547185,0.0036042965787547185,hold_days,5,0.00874932111697202,-0.005145024538217301
CME,2025-11-19,2025-11-21,2025-12-01,0.021604619033837924,0.020604619033837923,hold_days,5,0.027982250201850967,-0.0073776311680130435
CME,2026-04-10,2026-04-14,2026-04-21,-0.04252112525969809,-0.04352112525969809,hold_days,5,0.02738934694451478,-0.07091047220421287
CME,2026-09-02,2026-09-04,2026-09-09,-0.018843405516574485,-0.019843405516574486,market_dd,2,-0.024071212192252278,0.004227806675677792
NDAQ,2015-07-28,2015-07-30,2015-08-06,0.03510499443730741,0.03410499443730741,hold_days,5,-0.005707327551709662,0.039812321989017074
NDAQ,2018-09-28,2018-10-02,2018-10-05,-0.00453880012828034,-0.00553880012828034,market_dd,3,-0.015784044153629107,0.010245244025348765
NDAQ,2019-06-26,2019-06-28,2019-07-08,0.04855951653310919,0.04755951653310919,hold_days,5,0.009202171990264407,0.038357344542844785
NDAQ,2026-06-03,2026-06-05,2026-06-10,-0.006416081159980602,-0.007416081159980602,market_dd,3,-0.002716048154681183,-0.004700033005299419
COF,2015-11-30,2015-12-02,2015-12-03,-0.01828038152587097,-0.01928038152587097,market_dd,1,-0.01673861870796911,-0.0025417628179018603
COF,2016-01-20,2016-01-22,2016-01-25,-0.03993470515376407,-0.04093470515376407,market_dd,1,-0.01667494287971316,-0.02425976227405091
COF,2019-08-23,2019-08-27,2019-09-04,0.034291969642350706,0.033291969642350705,hold_days,5,0.021143613635109304,0.012148356007241401
COF,2021-09-08,2021-09-10,2021-09-17,0.02577765504523244,0.02477765504523244,hold_days,5,0.004923294711018711,0.019854360334213728
COF,2021-10-29,2021-11-02,2021-11-09,0.023105417418049834,0.022105417418049833,hold_days,5,0.018166593595494884,0.003938823822554949
COF,2025-09-25,2025-09-29,2025-10-06,-0.043604622756975964,-0.044604622756975965,hold_days,5,0.016135541331843806,-0.06074016408881977
SYF,2018-05-29,2018-05-31,2018-06-07,0.02656636420647862,0.02556636420647862,hold_days,5,0.026789600024076377,-0.0012232358175977565
SYF,2024-04-02,2024-04-04,2024-04-11,0.0024276275296954974,0.0014276275296954974,hold_days,5,0.003644079824024038,-0.0022164522943285405
TFC,2021-10-27,2021-10-29,2021-11-05,0.012919461599134152,0.011919461599134151,hold_days,5,0.025988984683235516,-0.014069523084101365
TFC,2023-03-02,2023-03-06,2023-03-07,-0.04464688932514971,-0.04564688932514971,market_dd,1,-0.013983328964096264,-0.031663560361053444
FITB,2016-09-29,2016-10-03,2016-10-10,0.016216526119389174,0.015216526119389173,hold_days,5,0.0026401082006579646,0.012576417918731209
FITB,2019-05-23,2019-05-28,2019-05-31,-0.020332759785432142,-0.021332759785432143,market_dd,3,-0.013970131756956272,-0.0073626280284758705
FITB,2019-08-23,2019-08-27,2019-09-04,0.025691933688897217,0.024691933688897216,hold_days,5,0.021143613635109304,0.0035483200537879123
FITB,2024-10-25,2024-10-29,2024-10-31,-0.007498273493541929,-0.00849827349354193,market_dd,2,-0.016502627050547614,0.008004353557005683
FITB,2025-09-11,2025-09-15,2025-09-22,-0.009038773025168312,-0.010038773025168313,hold_days,5,0.008253380030039947,-0.01829215305520826
FITB,2026-02-27,2026-03-03,2026-03-06,-0.04579383129717873,-0.046793831297178734,market_dd,3,-0.013545144931165987,-0.03324868636601275
GE,2016-05-13,2016-05-17,2016-05-24,0.004712165524163536,0.0037121655241635363,hold_days,5,0.024515115754706107,-0.020802950230542572
GE,2016-09-14,2016-09-16,2016-09-23,0.007075198226972557,0.006075198226972557,hold_days,5,0.013061671035861533,-0.006986472808888976
GE,2019-12-18,2019-12-20,2019-12-30,0.004533180357811251,0.0035331803578112506,hold_days,5,-0.002730955338647867,0.0062641356964591175
GE,2022-03-31,2022-04-04,2022-04-05,-0.020865028868669144,-0.021865028868669145,market_dd,1,-0.011409495445544038,-0.010455533423125107
GE,2022-09-16,2022-09-20,2022-09-21,-0.020573671022797946,-0.021573671022797947,market_dd,1,-0.016884214408310227,-0.004689456614487719
GE,2023-04-06,2023-04-11,2023-04-18,0.048556851695344294,0.04755685169534429,hold_days,5,0.009144107976196914,0.03841274371914738
GE,2023-10-03,2023-10-05,2023-10-12,0.02400687189038342,0.023006871890383418,hold_days,5,0.008554547951536318,0.0144523239388471
GE,2024-12-12,2024-12-16,2024-12-18,-0.035225224479846995,-0.036225224479846996,market_dd,2,-0.0352029572670115,-0.0010222672128354926
ETN,2016-09-16,2016-09-20,2016-09-27,0.010679342026698846,0.009679342026698845,hold_days,5,0.015049492588406599,-0.005370150561707754
ETN,2017-08-03,2017-08-07,2017-08-10,-0.03162554159342912,-0.03262554159342912,market_dd,3,-0.02215524160755622,-0.0104702999858729
ETN,2020-10-28,2020-10-30,2020-11-06,0.06680066141327345,0.06580066141327345,hold_days,5,0.08959158917860033,-0.023790927765326875
ETN,2022-06-30,2022-07-05,2022-07-12,0.0015788451158067485,0.0005788451158067484,hold_days,5,-0.0007940317414564246,0.001372876857263173
ETN,2022-09-16,2022-09-20,2022-09-21,-0.009700118156891757,-0.010700118156891758,market_dd,1,-0.016884214408310227,0.006184096251418469
ETN,2026-06-05,2026-06-09,2026-06-10,-0.06536893318558401,-0.06636893318558401,market_dd,1,-0.012123245745697342,-0.05424568743988667
PH,2016-03-28,2016-03-30,2016-04-06,-0.0135149043616829,-0.014514904361682901,hold_days,5,0.007016842910683163,-0.021531747272366064
PH,2016-04-05,2016-04-07,2016-04-14,0.02971652503154676,0.028716525031546758,hold_days,5,0.013989130523638815,0.014727394507907943
PH,2016-08-24,2016-08-26,2016-09-02,0.002190878196773438,0.001190878196773438,hold_days,5,0.005143229787603065,-0.003952351590829627
PH,2018-09-28,2018-10-02,2018-10-05,-0.013469744943288231,-0.014469744943288232,market_dd,3,-0.015784044153629107,0.0013142992103408746
PH,2020-07-31,2020-08-04,2020-08-11,0.15044673644932294,0.14944673644932294,hold_days,5,0.013098990841223346,0.1363477456080996
PH,2021-04-20,2021-04-22,2021-04-29,0.0005099440657059251,-0.0004900559342940749,hold_days,5,0.015235008349602897,-0.015725064283896972
ROK,2017-04-13,2017-04-18,2017-04-25,0.07095543212526767,0.06995543212526767,hold_days,5,0.0263626577821392,0.04359277434312847
ROK,2018-05-31,2018-06-04,2018-06-11,0.0020777381674108586,0.0010777381674108586,hold_days,5,0.01696645201234337,-0.01588871384493251
ROK,2021-03-16,2021-03-18,2021-03-25,0.016672497460891833,0.015672497460891832,hold_days,5,-0.0029763227465633424,0.018648820207455175
ROK,2023-10-13,2023-10-17,2023-10-18,-0.05155723292756875,-0.05255723292756875,market_dd,1,-0.012954887611127841,-0.03960234531644091
CMI,2017-04-13,2017-04-18,2017-04-25,0.04852804894789786,0.04752804894789786,hold_days,5,0.0263626577821392,0.021165391165758662
CMI,2019-08-05,2019-08-07,2019-08-14,-0.05103121046727899,-0.05203121046727899,hold_days,5,-0.016173616586121264,-0.03585759388115772
CMI,2019-08-23,2019-08-27,2019-09-04,0.04320715827226418,0.04220715827226418,hold_days,5,0.021143613635109304,0.021063544637154874
CMI,2020-01-10,2020-01-14,2020-01-22,-0.013282628815895259,-0.01428262881589526,hold_days,5,0.010562394432270805,-0.024845023248166065
CMI,2020-01-27,2020-01-29,2020-01-31,-0.034522913616066075,-0.035522913616066076,market_dd,2,-0.017730954643960795,-0.017791958972105282
CMI,2021-04-01,2021-04-06,2021-04-13,0.000999291979677297,-7.080203227030277e-07,hold_days,5,0.012234269149045796,-0.0122349771693685
CMI,2021-07-06,2021-07-08,2021-07-15,0.011116477291883475,0.010116477291883474,hold_days,5,0.002664977688119352,0.007451499603764122
CMI,2021-09-30,2021-10-04,2021-10-11,0.02162462918054664,0.02062462918054664,hold_days,5,0.0131510830096504,0.007473546170896239
PCAR,2019-05-23,2019-05-28,2019-05-31,-0.019075729470912295,-0.020075729470912296,market_dd,3,-0.013970131756956272,-0.006105597713956024
PCAR,2019-08-05,2019-08-07,2019-08-14,-0.024602700543585043,-0.025602700543585044,hold_days,5,-0.016173616586121264,-0.00942908395746378
PCAR,2021-04-30,2021-05-04,2021-05-11,0.05593736686162276,0.05493736686162276,hold_days,5,-0.0020677421369529325,0.05700510899857569
PCAR,2021-06-14,2021-06-16,2021-06-18,-0.04728532212164749,-0.04828532212164749,market_dd,2,-0.018965232524284614,-0.029320089597362875
PCAR,2022-12-09,2022-12-13,2022-12-15,-0.01513242485626276,-0.01613242485626276,market_dd,2,-0.030488670622730196,0.014356245766467435
PCAR,2025-06-02,2025-06-04,2025-06-11,0.013932323366317334,0.012932323366317333,hold_days,5,0.0033241913598189843,0.009608132006498349
FAST,2015-12-11,2015-12-15,2015-12-18,-0.018578201964930874,-0.019578201964930875,market_dd,3,-0.014173153967427687,-0.005405047997503187
FAST,2016-04-07,2016-04-11,2016-04-18,-0.02577722332773713,-0.026777223327737132,hold_days,5,0.020646427878575624,-0.047423651206312756
FAST,2019-09-24,2019-09-26,2019-10-01,-0.02563315727145421,-0.02663315727145421,market_dd,3,-0.013310099879787152,-0.01332305739166706
FAST,2025-10-29,2025-10-31,2025-11-06,-0.00923453102510885,-0.01023453102510885,market_dd,4,-0.009553337891328062,-0.0006811931337807886
WM,2017-10-06,2017-10-10,2017-10-17,0.0013030493654033748,0.00030304936540337477,hold_days,5,0.0032961108901317093,-0.0029930615247283346
WM,2018-03-23,2018-03-27,2018-04-02,0.0034815339410132484,0.0024815339410132484,market_dd,3,-0.00845519581787646,0.010936729758889707
WM,2020-10-19,2020-10-21,2020-10-27,-0.031006304631458925,-0.032006304631458926,market_dd,4,-0.015301270611694062,-0.016705034019764864
WM,2021-01-27,2021-01-29,2021-02-05,0.021649332952250466,0.020649332952250465,hold_days,5,0.052038496449301475,-0.03138916349705101
WM,2026-05-11,2026-05-13,2026-05-19,0.027259215619535704,0.026259215619535703,market_dd,4,1.4333593569393344e-05,0.02624488202596631
NSC,2016-05-19,2016-05-23,2016-05-31,-0.0074388418481873275,-0.008438841848187328,hold_days,5,0.02987587180364648,-0.03831471365183381
NSC,2018-10-11,2018-10-15,2018-10-22,-0.03251679949909603,-0.03351679949909603,hold_days,5,0.0002391774651513412,-0.03375597696424737
NSC,2020-06-24,2020-06-26,2020-07-06,0.05188141751312969,0.05088141751312969,hold_days,5,0.048794985461840135,0.002086432051289555
NSC,2021-04-08,2021-04-12,2021-04-19,-0.004013825475726374,-0.005013825475726374,hold_days,5,0.008144384025368323,-0.013158209501094698
NSC,2022-06-17,2022-06-22,2022-06-29,0.01333953683181699,0.012339536831816988,hold_days,5,0.018175168082994464,-0.0058356312511774755
NSC,2026-01-07,2026-01-09,2026-01-16,0.011907767317302254,0.010907767317302253,hold_days,5,-0.00501119174046194,0.015918959057764193
