stock,low_date,entry_date,exit_date,pct1,exit_reason,ret,ret_net,days_held,bench_ret,excess_ret
KO,2015-12-03,2015-12-07,2015-12-08,0.019548164978694334,early_reversal,-0.004398302753732541,-0.0053983027537325414,1,-0.011719028664726516,0.006320725910993975
KO,2016-07-27,2016-07-29,2016-08-01,0.005760370264296463,early_reversal,-0.004125283980953465,-0.005125283980953465,1,-0.0019941777146021966,-0.003131106266351268
KO,2016-09-26,2016-09-28,2016-09-29,0.012842190476691112,early_reversal,-0.0028469252047893523,-0.0038469252047893523,1,-0.00369033407140551,-0.00015659113338384236
KO,2018-11-21,2018-11-26,2018-12-03,0.005951261700398962,hold_days,0.024819347718143536,0.023819347718143535,5,0.05237520353988412,-0.028555855821740583
KO,2019-05-09,2019-05-13,2019-05-20,0.016666831415821284,hold_days,0.016649225568474257,0.015649225568474256,5,-0.003589088406765528,0.019238313975239785
KO,2019-09-16,2019-09-18,2019-09-25,0.005189048126101908,hold_days,-0.0011064957667266118,-0.002106495766726612,5,-0.007485476823717252,0.00537898105699064
KO,2021-08-18,2021-08-20,2021-08-23,0.006371630153930861,early_reversal,-0.0035310707835470856,-0.004531070783547086,1,0.00654385046501349,-0.011074921248560576
KO,2021-09-07,2021-09-09,2021-09-10,0.01347223877247501,early_reversal,-0.004475550698389341,-0.005475550698389341,1,-6.77887765184737e-05,-0.0054077619218708675
KO,2022-09-27,2022-09-29,2022-09-30,0.010642009225938177,early_reversal,-0.00972244436738079,-0.01072244436738079,1,-0.014447825968217143,0.0037253816008363527
KO,2023-01-05,2023-01-09,2023-01-10,0.01929272704854578,early_reversal,-0.007666447603295379,-0.00866644760329538,1,0.005765903799229699,-0.014432351402525079
KO,2023-02-03,2023-02-07,2023-02-08,0.005682705339631753,early_reversal,-0.0058264280473403485,-0.0068264280473403485,1,-0.012900463520567063,0.006074035473226714
KO,2023-02-16,2023-02-21,2023-02-28,0.015197430552925422,hold_days,-0.004849735283295575,-0.005849735283295575,5,-0.006290571734063777,0.0004408364507682014
KO,2023-10-05,2023-10-09,2023-10-16,0.0145095483044247,hold_days,0.010400793855515511,0.00940079385551551,5,0.00540394979357961,0.0039968440619359
KO,2023-12-15,2023-12-19,2023-12-20,0.007167131663877529,early_reversal,-0.020737557942124618,-0.02173755794212462,1,-0.017397938488748266,-0.004339619453376353
KO,2024-12-04,2024-12-06,2024-12-13,0.011413039071341774,hold_days,0.009435590690565432,0.008435590690565431,5,-0.01326743880066339,0.02170302949122882
KO,2024-12-16,2024-12-18,2024-12-19,0.013589133915690955,early_reversal,-0.006364489418114294,-0.007364489418114294,1,-0.00968532492629015,0.0023208355081758567
KO,2025-09-08,2025-09-10,2025-09-11,0.0063769108611258325,early_reversal,-0.0029490732680973464,-0.003949073268097346,1,0.014618249055454946,-0.018567322323552293
KO,2025-10-29,2025-10-31,2025-11-03,0.00921737562048953,early_reversal,-0.01349789240722099,-0.014497892407220991,1,-0.004268748711882764,-0.010229143695338228
KO,2026-07-17,2026-07-21,2026-07-28,0.006866212093551975,hold_days,0.07685724724215048,0.07585724724215048,5,0.009737576793579006,0.06611967044857148
GILD,2016-07-26,2016-07-28,2016-07-29,0.00913066221783502,early_reversal,-0.02178730201665624,-0.02278730201665624,1,-0.0015742852383776595,-0.02121301677827858
GILD,2016-07-29,2016-08-02,2016-08-09,0.01245747934042618,hold_days,-0.003016029224610084,-0.004016029224610084,5,0.01533786458330777,-0.019353893807917855
GILD,2017-05-03,2017-05-05,2017-05-08,0.01294487392350907,early_reversal,-0.008702448500510496,-0.009702448500510497,1,-0.0016632885805660802,-0.008039159919944416
GILD,2018-03-01,2018-03-05,2018-03-12,0.014962257061741875,hold_days,0.040297782278872374,0.03929778227887237,5,0.023795451747661733,0.01550233053121064
GILD,2018-10-11,2018-10-15,2018-10-22,0.015034553375528814,hold_days,-0.006045426403032961,-0.007045426403032961,5,-0.0015191063387538506,-0.00552632006427911
GILD,2019-01-14,2019-01-16,2019-01-24,0.018884591015697654,hold_days,0.0032525282867277294,0.0022525282867277294,5,0.012207963608849681,-0.009955435322121953
GILD,2019-02-28,2019-03-04,2019-03-05,0.015226155398498906,early_reversal,-0.016195251646808795,-0.017195251646808796,1,-0.002957753541244501,-0.014237498105564295
GILD,2019-04-22,2019-04-24,2019-05-01,0.018910521621454873,hold_days,0.03296185061726198,0.03196185061726198,5,-0.011030291420421001,0.04299214203768298
GILD,2019-08-05,2019-08-07,2019-08-14,0.009785294785469568,hold_days,-0.011897311754485274,-0.012897311754485274,5,-0.01135150907425142,-0.0015458026802338543
GILD,2019-09-27,2019-10-01,2019-10-02,0.00763129598222371,early_reversal,-0.025308292841946245,-0.026308292841946246,1,-0.01923466250756456,-0.007073630334381686
GILD,2019-10-25,2019-10-29,2019-10-30,0.0064750777139671745,early_reversal,-0.0047279440114967874,-0.0057279440114967875,1,0.0027116268682563227,-0.008439570879753111
GILD,2019-12-05,2019-12-09,2019-12-16,0.017442682428608376,hold_days,-0.0028337479173879965,-0.0038337479173879965,5,0.017416075038325207,-0.021249822955713205
GILD,2020-07-24,2020-07-28,2020-07-29,0.012221484318708762,early_reversal,-0.009764983038856756,-0.010764983038856757,1,0.010602976575805778,-0.021367959614662535
GILD,2020-08-11,2020-08-13,2020-08-20,0.010866282011434594,hold_days,-0.031240748166629584,-0.032240748166629585,5,-0.0024046441852806355,-0.02983610398134895
GILD,2020-12-22,2020-12-24,2020-12-28,0.006666354087593241,early_reversal,-0.0031539741228192586,-0.004153974122819259,1,0.0017923607665717434,-0.005946334889391002
GILD,2021-06-18,2021-06-22,2021-06-23,0.01110928245108705,early_reversal,-0.005965564871183271,-0.006965564871183271,1,-0.0027764670138188396,-0.004189097857364431
GILD,2021-10-18,2021-10-20,2021-10-27,0.015174471036730242,hold_days,-0.0013463459198178596,-0.0023463459198178596,5,0.005753015142296425,-0.008099361062114285
GILD,2022-06-06,2022-06-08,2022-06-09,0.008221780704627603,early_reversal,-0.019236965556216123,-0.020236965556216124,1,-0.01534569032934996,-0.004891275226866165
GILD,2024-06-03,2024-06-05,2024-06-06,0.011508821309358286,early_reversal,-0.00046962113344029,-0.00146962113344029,1,-0.0015802926091489367,0.00011067147570864664
GILD,2025-03-20,2025-03-24,2025-03-31,0.011429030155955115,hold_days,0.04974713388820362,0.04874713388820362,5,-0.020463291974272324,0.06921042586247594
GILD,2025-05-06,2025-05-08,2025-05-09,0.010420941024193437,early_reversal,-0.012734359849795207,-0.013734359849795208,1,-0.0012426895359683998,-0.012491670313826808
GILD,2026-04-27,2026-04-29,2026-05-06,0.011819947246854543,hold_days,0.05790125715305061,0.05690125715305061,5,0.04616839019334784,0.01073286695970277
EMR,2015-08-04,2015-08-06,2015-08-07,0.005439168742926751,early_reversal,-0.011057285981455833,-0.012057285981455834,1,-0.001428661506971518,-0.010628624474484316
EMR,2016-04-07,2016-04-11,2016-04-18,0.01834707806957051,hold_days,0.02677550502720516,0.02577550502720516,5,0.030171130027284665,-0.004395625000079506
EMR,2016-04-29,2016-05-03,2016-05-04,0.010617280634637637,early_reversal,-0.03457065081329558,-0.03557065081329558,1,-0.00988613231058022,-0.02568451850271536
EMR,2016-06-13,2016-06-15,2016-06-22,0.007553726256264479,hold_days,0.012124584657920767,0.011124584657920766,5,0.013485897560202798,-0.002361312902282031
EMR,2018-02-05,2018-02-07,2018-02-08,0.011834977616928838,early_reversal,-0.03712266122972241,-0.03812266122972241,1,-0.0382470860260925,0.00012442479637009285
EMR,2018-05-29,2018-05-31,2018-06-07,0.012434336466945311,hold_days,0.03571489225941238,0.03471489225941238,5,0.0337050779876793,0.0010098142717330783
EMR,2018-10-11,2018-10-15,2018-10-22,0.010112558707533229,hold_days,0.004200366025301605,0.003200366025301605,5,-0.0015191063387538506,0.004719472364055456
EMR,2018-10-24,2018-10-26,2018-11-02,0.016512317920009845,hold_days,0.05086770142635588,0.04986770142635588,5,0.04047999607440089,0.009387705351954989
EMR,2019-03-08,2019-03-12,2019-03-19,0.012612676106447769,hold_days,0.016339974446016425,0.015339974446016424,5,0.02147318137155252,-0.006133206925536094
EMR,2019-09-24,2019-09-26,2019-10-03,0.007344952575574328,hold_days,0.0032714719056712305,0.0022714719056712305,5,-0.026081177164237412,0.028352649069908642
EMR,2020-01-27,2020-01-29,2020-01-30,0.009357394618422865,early_reversal,-0.0010823046912999956,-0.0020823046912999956,1,0.0009676395904525403,-0.003049944281752536
EMR,2020-06-24,2020-06-26,2020-07-06,0.012074379153669828,hold_days,0.04409542269737776,0.04309542269737776,5,0.04644210024636153,-0.0033466775489837675
EMR,2021-03-16,2021-03-18,2021-03-19,0.016393267187476114,early_reversal,-0.010843198720793201,-0.011843198720793202,1,0.004216812696341776,-0.01606001141713498
EMR,2021-09-01,2021-09-03,2021-09-07,0.01585761777862539,early_reversal,-0.016226718965114184,-0.017226718965114185,1,-0.011016302196122152,-0.006210416768992033
EMR,2021-09-14,2021-09-16,2021-09-17,0.01720442275730494,early_reversal,-0.023486507630292697,-0.024486507630292698,1,-0.008367358500751432,-0.016119149129541266
EMR,2023-03-15,2023-03-17,2023-03-24,0.01726068625383293,hold_days,0.025358815501389298,0.024358815501389297,5,0.0156525931640612,0.008706222337328096
EMR,2023-05-02,2023-05-04,2023-05-11,0.019460050122931834,hold_days,-0.0028992648808996435,-0.0038992648808996435,5,0.0033555937238325395,-0.007254858604732183
EMR,2024-09-06,2024-09-10,2024-09-17,0.01415623513430404,hold_days,0.048436022235712306,0.047436022235712305,5,0.030384346806007656,0.01705167542970465
EMR,2024-10-15,2024-10-17,2024-10-18,0.012265501545953439,early_reversal,-9.045818784281234e-05,-0.0010904581878428124,1,-0.002701455373556816,0.0016109971857140035
UPS,2015-11-13,2015-11-17,2015-11-24,0.013362241390122256,hold_days,0.0025208617844367787,0.0015208617844367786,5,0.010940283492855585,-0.009419421708418807
UPS,2015-11-30,2015-12-02,2015-12-03,0.013299428902863382,early_reversal,-0.00977741186773129,-0.01077741186773129,1,-0.010866083872116183,8.86720043848932e-05
UPS,2015-12-03,2015-12-07,2015-12-08,0.009483018541088106,early_reversal,-0.012591365271941823,-0.013591365271941824,1,-0.011719028664726516,-0.001872336607215308
UPS,2016-04-21,2016-04-25,2016-05-02,0.005047699937056158,hold_days,-0.0029505180158473365,-0.0039505180158473365,5,-0.016040722998646006,0.012090204982798669
UPS,2017-04-07,2017-04-11,2017-04-12,0.01362035018169805,early_reversal,-0.014374067274127711,-0.015374067274127712,1,-0.006796546091859312,-0.0085775211822684
UPS,2017-12-06,2017-12-08,2017-12-11,0.012173445992778571,early_reversal,-0.012629354833382012,-0.013629354833382012,1,0.005123163421253629,-0.01875251825463564
UPS,2019-09-24,2019-09-26,2019-10-03,0.00898366584928142,hold_days,-0.021528038069246636,-0.022528038069246636,5,-0.026081177164237412,0.003553139094990776
UPS,2019-12-20,2019-12-24,2020-01-02,0.013117358737782778,hold_days,-0.013014182714970013,-0.014014182714970014,5,0.003668807047904288,-0.0176829897628743
UPS,2021-03-19,2021-03-23,2021-03-30,0.011111749836001597,hold_days,0.05492281603801552,0.05392281603801552,5,0.029610027043549758,0.02431278899446576
UPS,2021-06-09,2021-06-11,2021-06-14,0.010643593708186763,early_reversal,-0.010384046487663778,-0.01138404648766378,1,0.0011628577509341653,-0.012546904238597945
UPS,2024-06-18,2024-06-21,2024-06-28,0.01989579585728049,hold_days,0.0018301916496288317,0.0008301916496288317,5,-0.009225384443387497,0.010055576093016327
UPS,2024-07-25,2024-07-29,2024-08-05,0.013770807624173948,hold_days,-0.020138420064645723,-0.021138420064645724,5,-0.05033209214816736,0.029193672083521638
UPS,2025-03-25,2025-03-27,2025-03-28,0.009640893618562728,early_reversal,-0.012160964308854716,-0.013160964308854717,1,-0.015982654826336873,0.002821690517482156
UPS,2025-05-01,2025-05-05,2025-05-06,0.019027562051332263,early_reversal,-0.018313090411218647,-0.019313090411218647,1,-0.010501697376100072,-0.008811393035118575
UPS,2026-03-09,2026-03-11,2026-03-12,0.00980590477312602,early_reversal,-0.02886905415827057,-0.02986905415827057,1,-0.013129962793328454,-0.016739091364942116
MRK,2016-02-04,2016-02-08,2016-02-16,0.016257993022337283,hold_days,0.019455602799294036,0.018455602799294035,5,0.03410140084040192,-0.015645798041107883
MRK,2016-04-29,2016-05-03,2016-05-04,0.008388167710306505,early_reversal,-0.004901338039876912,-0.005901338039876912,1,-0.00988613231058022,0.003984794270703308
MRK,2016-09-14,2016-09-16,2016-09-19,0.01678871814553677,early_reversal,-0.015253556191143436,-0.016253556191143437,1,-0.0015357469342485164,-0.01471780925689492
MRK,2016-10-17,2016-10-19,2016-10-26,0.009265127032272072,hold_days,-0.016163045761039108,-0.01716304576103911,5,0.01198807928375678,-0.02915112504479589
MRK,2017-04-18,2017-04-20,2017-04-21,0.005942222356137262,early_reversal,-0.01055149911635711,-0.011551499116357111,1,-0.0028131273715151783,-0.008738371744841933
MRK,2017-06-08,2017-06-12,2017-06-13,0.01882914710019547,early_reversal,-0.010168956279207886,-0.011168956279207887,1,0.0031196527888712744,-0.014288609068079161
MRK,2018-03-23,2018-03-27,2018-04-04,0.011795586857473572,hold_days,0.014697874298504665,0.013697874298504664,5,0.01987952296508899,-0.006181648666584327
MRK,2019-08-23,2019-08-27,2019-09-04,0.011066529884964893,hold_days,0.006197288719809402,0.005197288719809402,5,0.026164822201403037,-0.020967533481593637
MRK,2019-10-22,2019-10-24,2019-10-25,0.019311013626106103,early_reversal,-0.0038752158362148625,-0.0048752158362148626,1,0.004723013468873383,-0.009598229305088246
MRK,2020-02-13,2020-02-18,2020-02-19,0.008295353843401585,early_reversal,-0.005578135847231214,-0.006578135847231214,1,0.007343303144275337,-0.013921438991506552
MRK,2020-09-08,2020-09-10,2020-09-17,0.018600844796961724,hold_days,0.032222910726093845,0.031222910726093844,5,0.02714920475999083,0.004073705966103014
MRK,2021-01-27,2021-01-29,2021-02-05,0.011028700459239614,hold_days,-0.01647864172794722,-0.01747864172794722,5,0.030818403948257744,-0.048297045676204964
MRK,2021-04-08,2021-04-12,2021-04-19,0.010862359146431947,hold_days,0.018892697528757108,0.017892697528757107,5,0.0047932257743943385,0.013099471754362768
MRK,2022-01-24,2022-01-26,2022-02-02,0.00799202250073063,hold_days,0.03626511148318046,0.035265111483180456,5,0.05307053287678376,-0.017805421393603305
MRK,2022-07-20,2022-07-22,2022-07-29,0.005465696270734786,hold_days,-0.008545257677448292,-0.009545257677448293,5,0.03358264931496224,-0.043127906992410536
MRK,2023-03-17,2023-03-21,2023-03-22,0.016810687223101178,early_reversal,-0.010801631203834594,-0.011801631203834595,1,-0.013579482537989906,0.0017778513341553115
MRK,2023-05-18,2023-05-22,2023-05-23,0.013070036235250396,early_reversal,-0.010655899011640213,-0.011655899011640214,1,-0.011161109841733019,-0.0004947891699071949
MRK,2023-11-10,2023-11-14,2023-11-15,0.01065194789324651,early_reversal,-0.00802573353815117,-0.00902573353815117,1,0.014572952943117556,-0.023598686481268727
MRK,2023-11-15,2023-11-17,2023-11-27,0.006314848059331229,hold_days,-0.0031450114262092654,-0.0041450114262092655,5,0.006764346983713532,-0.010909358409922798
MRK,2024-03-14,2024-03-18,2024-03-25,0.008380939735667262,hold_days,0.03186774414497262,0.03086774414497262,5,0.019337979569864494,0.011529764575108126
MRK,2024-07-18,2024-07-22,2024-07-23,0.012233364124654901,early_reversal,-0.010422534660027072,-0.011422534660027073,1,-0.007600453246306649,-0.003822081413720424
MRK,2024-09-26,2024-09-30,2024-10-07,0.005305415722567447,hold_days,-0.04376563450262205,-0.044765634502622054,5,-0.0012868594748065565,-0.0434787750278155
MRK,2025-06-17,2025-06-20,2025-06-27,0.012902464303914944,hold_days,0.0005060953644171473,-0.0004939046355828527,5,0.029062115182457493,-0.029556019818040347
CRM,2015-10-30,2015-11-03,2015-11-04,0.019173968546247193,early_reversal,-0.00305226967318728,-0.00405226967318728,1,-0.004291417068565506,0.00023914739537822614
CRM,2016-11-14,2016-11-16,2016-11-23,0.017317097930680744,hold_days,0.008730084742751831,0.007730084742751831,5,0.012243742298539972,-0.004513657555788141
CRM,2017-06-12,2017-06-14,2017-06-15,0.012648020580674177,early_reversal,-0.01032456270855786,-0.011324562708557862,1,-0.0033480881129018814,-0.00797647459565598
CRM,2017-09-15,2017-09-19,2017-09-20,0.01172985349761022,early_reversal,-0.0014682474966567494,-0.0024682474966567494,1,-0.0009970303316552132,-0.0014712171650015362
CRM,2017-11-29,2017-12-01,2017-12-04,0.007630625086129628,early_reversal,-0.03833200916261237,-0.03933200916261237,1,-0.004563478192725623,-0.034768530969886746
CRM,2018-05-17,2018-05-21,2018-05-22,0.007219408280169443,early_reversal,-0.007359494147985202,-0.008359494147985203,1,-0.0019527756311987776,-0.006406718516786425
CRM,2018-06-25,2018-06-27,2018-07-05,0.01719335433919564,hold_days,0.04916708055357932,0.04816708055357932,5,0.013123655247187171,0.03504342530639215
CRM,2018-07-24,2018-07-26,2018-07-27,0.019657755439147676,early_reversal,-0.024802046536858913,-0.025802046536858914,1,-0.005144626011264752,-0.02065742052559416
CRM,2018-12-17,2018-12-19,2018-12-20,0.011388774653947366,early_reversal,-0.0261513712075927,-0.0271513712075927,1,-0.012369017642686275,-0.014782353564906425
CRM,2019-01-24,2019-01-28,2019-01-29,0.019541205287685024,early_reversal,-0.014593201217282248,-0.015593201217282249,1,0.0030939173120607677,-0.018687118529343016
CRM,2019-12-04,2019-12-06,2019-12-09,0.011442825683692233,early_reversal,-0.003354471575759188,-0.004354471575759188,1,-0.0023906989973137005,-0.0019637725784454876
CRM,2021-01-12,2021-01-14,2021-01-15,0.012342301255009746,early_reversal,-0.011409981393272983,-0.012409981393272984,1,-0.00784831241605266,-0.004561668977220323
CRM,2022-01-05,2022-01-07,2022-01-14,0.006500475852809239,hold_days,0.012789536090447307,0.011789536090447306,5,-0.0029333576663613803,0.014722893756808686
CRM,2022-12-16,2022-12-20,2022-12-28,0.00576918146154173,hold_days,0.00015568242045249647,-0.0008443175795475035,5,-0.005104614155658993,0.0042602965761114895
CRM,2024-03-05,2024-03-07,2024-03-14,0.01680314476519455,hold_days,0.004286171325710297,0.0032861713257102973,5,-0.0018772262535833306,0.005163397579293628
CRM,2024-04-15,2024-04-17,2024-04-18,0.01652634648307246,early_reversal,-0.015923437291700537,-0.016923437291700538,1,-0.0041669354518844015,-0.012756501839816137
CRM,2025-04-04,2025-04-08,2025-04-15,0.014329624723029613,hold_days,0.04647954514038988,0.045479545140389877,5,0.05815689314257799,-0.012677348002188116
CRM,2025-05-23,2025-05-28,2025-05-29,0.01486467572574407,early_reversal,-0.03300350191383661,-0.03400350191383661,1,0.002666364643949981,-0.03666986655778659
CRM,2025-11-20,2025-11-24,2025-12-02,0.007720666907648741,hold_days,0.03478521328737627,0.03378521328737627,5,0.02081157439785608,0.01297363888952019
XOM,2016-01-04,2016-01-06,2016-01-07,0.008520852524311123,early_reversal,-0.016006369575980894,-0.017006369575980895,1,-0.025773932591221405,0.00876756301524051
XOM,2016-11-29,2016-12-01,2016-12-02,0.01629780846657752,early_reversal,-0.002292011061952648,-0.003292011061952648,1,0.001294546418340481,-0.004586557480293129
XOM,2017-01-10,2017-01-12,2017-01-20,0.010240525776796596,hold_days,-0.005211876286256301,-0.006211876286256301,5,-0.00574950347342118,-0.00046237281283512035
XOM,2017-01-19,2017-01-23,2017-01-30,0.013690572508101335,hold_days,-0.0012946228289431039,-0.002294622828943104,5,0.00829638464600091,-0.010591007474944014
XOM,2017-02-22,2017-02-24,2017-03-03,0.010502970891277367,hold_days,0.01702053022979233,0.01602053022979233,5,-0.0016158181905617797,0.01763634842035411
XOM,2017-03-08,2017-03-10,2017-03-13,0.007898544881929247,early_reversal,-0.0023287051308952256,-0.0033287051308952256,1,0.0002818376237336828,-0.0036105427546289084
XOM,2017-04-19,2017-04-21,2017-04-28,0.0064603521485640065,hold_days,0.011897524855623454,0.010897524855623453,5,0.018355319331582853,-0.007457794475959401
XOM,2018-03-23,2018-03-27,2018-03-28,0.01522830146483709,early_reversal,-0.012075967531453125,-0.013075967531453125,1,0.00039953715188767447,-0.0134755046833408
XOM,2019-08-05,2019-08-07,2019-08-14,0.009675676255068648,hold_days,-0.028494167607423404,-0.029494167607423405,5,-0.01135150907425142,-0.018142658533171985
XOM,2019-12-03,2019-12-05,2019-12-12,0.011343597078340198,hold_days,0.028212026122689027,0.027212026122689026,5,0.026840975096760644,0.0003710510259283817
XOM,2020-05-13,2020-05-15,2020-05-22,0.008824622093702335,hold_days,0.06190460969860978,0.06090460969860978,5,0.02895903340224848,0.0319455762963613
XOM,2021-05-25,2021-05-27,2021-05-28,0.011671707322713873,early_reversal,-0.0032444208371953387,-0.004244420837195339,1,0.002952442670210109,-0.007196863507405448
XOM,2023-02-02,2023-02-06,2023-02-13,0.0069275866416027496,hold_days,0.06244023411892696,0.06144023411892696,5,0.00545950293767361,0.05598073118125335
XOM,2023-06-20,2023-06-22,2023-06-23,0.011195661955764252,early_reversal,-0.00871268581747775,-0.00971268581747775,1,-0.007433791520543687,-0.002278894296934064
XOM,2024-04-26,2024-04-30,2024-05-01,0.014241980305843529,early_reversal,-0.018939674842378462,-0.019939674842378463,1,-0.01243052714907611,-0.007509147693302354
XOM,2024-09-11,2024-09-13,2024-09-20,0.0137623691028056,hold_days,0.03706695561540685,0.03606695561540685,5,0.015797485709220238,0.02026946990618661
XOM,2025-05-05,2025-05-07,2025-05-14,0.013944047262854095,hold_days,0.036994546893452274,0.03599454689345227,5,0.0320801697786659,0.0039143771147863715
XOM,2025-05-28,2025-05-30,2025-06-06,0.0056801207181819266,hold_days,0.019256977056434588,0.018256977056434587,5,0.022809238137218912,-0.0045522610807843256
ORCL,2016-05-19,2016-05-23,2016-05-31,0.014675103757377295,hold_days,0.026033885428711878,0.025033885428711877,5,0.028040050799980065,-0.003006165371268188
ORCL,2016-09-09,2016-09-13,2016-09-20,0.016237943634155854,hold_days,-0.02762512483272961,-0.02862512483272961,5,0.006249402496069756,-0.034874527328799365
ORCL,2018-05-29,2018-05-31,2018-06-07,0.01707715994921464,hold_days,0.020547835324493446,0.019547835324493446,5,0.0337050779876793,-0.014157242663185854
ORCL,2018-10-11,2018-10-15,2018-10-22,0.012826078402543387,hold_days,0.017402365861977964,0.016402365861977963,5,-0.0015191063387538506,0.017921472200731814
ORCL,2018-11-27,2018-11-29,2018-12-07,0.015809523620780065,hold_days,-0.039666031678509905,-0.040666031678509906,5,-0.039196384488959346,-0.0014696471895505603
ORCL,2018-12-07,2018-12-11,2018-12-18,0.01456530082152492,hold_days,-0.013129746922477037,-0.014129746922477038,5,-0.031183331431110073,0.017053584508633035
ORCL,2019-12-17,2019-12-19,2019-12-27,0.01040894907044523,hold_days,0.004132313915059527,0.0031323139150595267,5,0.007138150436065249,-0.0040058365210057225
ORCL,2020-04-21,2020-04-23,2020-04-30,0.018709703385106337,hold_days,0.019241978816975536,0.018241978816975535,5,0.04305685845156337,-0.02481487963458784
ORCL,2021-09-14,2021-09-16,2021-09-17,0.015511135606449513,early_reversal,-0.009856411306937263,-0.010856411306937264,1,-0.008367358500751432,-0.002489052806185832
ORCL,2023-03-10,2023-03-14,2023-03-15,0.010229463294702295,early_reversal,-0.018684935795610702,-0.019684935795610703,1,-0.00993700553379695,-0.009747930261813753
ORCL,2023-10-20,2023-10-24,2023-10-25,0.01777131407598638,early_reversal,-0.017151133466278057,-0.018151133466278058,1,-0.011314710980542042,-0.006836422485736016
ORCL,2024-05-24,2024-05-29,2024-05-30,0.012854865748756423,early_reversal,-0.053741804122428016,-0.05474180412242802,1,-0.00786171819609327,-0.04688008592633475
ORCL,2024-07-25,2024-07-29,2024-07-30,0.008634282158822861,early_reversal,-0.01908757267036265,-0.020087572670362652,1,-0.0071214859029821165,-0.012966086767380536
ORCL,2024-10-31,2024-11-04,2024-11-11,0.012988745441929475,hold_days,0.11521921146516712,0.11421921146516711,5,0.05199651173498032,0.06222269973018679
ORCL,2025-02-21,2025-02-25,2025-03-04,0.012812431642752132,hold_days,-0.06568165911518764,-0.06668165911518764,5,-0.0219485438265713,-0.04473311528861634
TXN,2015-12-18,2015-12-22,2015-12-30,0.01601727566492667,hold_days,0.00989012685758106,0.00889012685758106,5,0.011026488685258462,-0.002136361827677402
TXN,2016-04-07,2016-04-11,2016-04-18,0.012948378237394123,hold_days,0.019543472415292085,0.018543472415292084,5,0.030171130027284665,-0.011627657611992581
TXN,2016-04-19,2016-04-21,2016-04-22,0.010784414857296075,early_reversal,-0.0030580546914690254,-0.0040580546914690254,1,0.0018472707022048063,-0.005905325393673832
TXN,2016-04-29,2016-05-03,2016-05-04,0.014200498142789505,early_reversal,-0.013461195302328366,-0.014461195302328367,1,-0.00988613231058022,-0.004575062991748147
TXN,2016-09-09,2016-09-13,2016-09-20,0.019049132357678775,hold_days,0.025648580654455078,0.024648580654455077,5,0.006249402496069756,0.01839917815838532
TXN,2016-12-30,2017-01-04,2017-01-05,0.008359896533286696,early_reversal,-0.007756294484406068,-0.008756294484406069,1,-0.0023797706984671763,-0.006376523785938892
TXN,2017-01-31,2017-02-02,2017-02-09,0.00966376101078589,hold_days,-0.007774484869912057,-0.008774484869912058,5,0.007261891129957787,-0.016036375999869845
TXN,2017-02-28,2017-03-02,2017-03-03,0.0199687245554584,early_reversal,-0.002817657412688246,-0.003817657412688246,1,-0.0030186686381591388,-0.0007989887745291071
TXN,2017-03-21,2017-03-23,2017-03-24,0.011786311499016551,early_reversal,-0.0009915449837897272,-0.0019915449837897272,1,0.000983928753908847,-0.0029754737376985743
TXN,2018-03-19,2018-03-21,2018-03-22,0.014833794665448503,early_reversal,-0.043630068016449086,-0.04463006801644909,1,-0.026118600489149824,-0.018511467527299263
TXN,2018-09-12,2018-09-14,2018-09-17,0.011287504266128248,early_reversal,-0.015755454359904997,-0.016755454359904998,1,-0.004492833650427186,-0.012262620709477812
TXN,2019-11-11,2019-11-13,2019-11-14,0.00796059359998366,early_reversal,-0.007177741089368972,-0.008177741089368973,1,0.0021296302160815905,-0.010307371305450563
TXN,2021-04-20,2021-04-22,2021-04-29,0.019593008791063075,hold_days,0.00010744245155547283,-0.0008925575484445272,5,0.018170048200241373,-0.0190626057486859
TXN,2022-08-22,2022-08-24,2022-08-31,0.00629944781298174,hold_days,-0.04053654015218022,-0.041536540152180224,5,-0.04618748716355592,0.0046509470113756946
TXN,2022-09-13,2022-09-15,2022-09-22,0.016046378623474754,hold_days,-0.00030745696865963623,-0.0013074569686596363,5,-0.037782181004750615,0.03647472403609098
TXN,2023-10-05,2023-10-09,2023-10-16,0.012184895523200803,hold_days,-0.015441589680625922,-0.016441589680625923,5,0.00540394979357961,-0.021845539474205533
TXN,2023-10-13,2023-10-17,2023-10-18,0.010147415911148148,early_reversal,-0.01581728855043052,-0.01681728855043052,1,-0.011405621852628167,-0.005411666697802353
TXN,2023-10-25,2023-10-27,2023-10-30,0.01565675244720673,early_reversal,-0.009307406379924665,-0.010307406379924666,1,0.01221037786385537,-0.022517784243780037
TXN,2024-06-20,2024-06-24,2024-07-01,0.014370337377973543,hold_days,0.003558451389006345,0.002558451389006345,5,-0.015396529036307394,0.017954980425313738
TXN,2024-09-06,2024-09-10,2024-09-17,0.018840173991214203,hold_days,0.007957982253991025,0.006957982253991025,5,0.030384346806007656,-0.023426364552016632
TXN,2024-10-01,2024-10-03,2024-10-10,0.00907724210015432,hold_days,0.003966922007853979,0.002966922007853979,5,0.022919234178204073,-0.019952312170350095
TXN,2024-10-31,2024-11-04,2024-11-05,0.00866287176663131,early_reversal,-0.005892242385571955,-0.006892242385571955,1,0.01073528251943534,-0.017627524905007297
TXN,2025-10-10,2025-10-14,2025-10-21,0.019860181173690428,hold_days,0.0396688138270227,0.0386688138270227,5,0.026222387727063312,0.012446426099959385
TXN,2026-09-01,2026-09-03,2026-09-11,0.005763032821394348,hold_days,0.05858255631213294,0.05758255631213294,5,-0.016954668553613605,0.07453722486574654
COST,2015-11-09,2015-11-11,2015-11-12,0.010662237033696313,early_reversal,-0.002493998227157901,-0.003493998227157901,1,-0.01303980859721754,0.009545810370059638
COST,2015-12-09,2015-12-11,2015-12-18,0.013398278511083942,hold_days,-0.014497969724225346,-0.015497969724225347,5,-0.00226966138696183,-0.013228308337263517
COST,2016-05-18,2016-05-20,2016-05-23,0.009979659586490212,early_reversal,-0.004765426998163069,-0.005765426998163069,1,-0.00021710938482411013,-0.005548317613338959
COST,2016-09-09,2016-09-13,2016-09-14,0.006568921416436153,early_reversal,-0.00033162116556662014,-0.0013316211655666202,1,-0.00040879163910834126,-0.0009228295264582789
COST,2017-06-23,2017-06-27,2017-07-05,0.019537740407180756,hold_days,-0.0077861594900972,-0.0087861594900972,5,-0.0015690220712901715,-0.007217137418807029
COST,2018-02-05,2018-02-07,2018-02-08,0.01225542221897772,early_reversal,-0.02500155939346882,-0.02600155939346882,1,-0.0382470860260925,0.012245526632623682
COST,2018-05-29,2018-05-31,2018-06-01,0.01474040468694462,early_reversal,-0.00559935829835112,-0.00659935829835112,1,0.010072999854023212,-0.016672358152374334
COST,2018-08-09,2018-08-13,2018-08-20,0.009484978674581597,hold_days,0.03547975178816554,0.034479751788165536,5,0.015124936008324763,0.019354815779840773
COST,2018-09-17,2018-09-19,2018-09-26,0.010129435454113865,hold_days,-0.000171243363231266,-0.001171243363231266,5,0.002413927958124118,-0.003585171321355384
COST,2019-01-25,2019-01-29,2019-02-05,0.008131020667295576,hold_days,0.006181558883256111,0.005181558883256111,5,0.03449769053048768,-0.02931613164723157
COST,2021-06-16,2021-06-18,2021-06-25,0.014074692119032966,hold_days,0.03578554508441645,0.03478554508441645,5,0.03020972808097433,0.0045758170034421175
COST,2021-09-28,2021-09-30,2021-10-01,0.009925055308161825,early_reversal,-0.0022702027115155676,-0.0032702027115155676,1,0.010950856235887763,-0.014221058947403331
COST,2024-07-30,2024-08-01,2024-08-08,0.014777200468463071,hold_days,0.027592405188167968,0.026592405188167967,5,-0.024873749581897586,0.05146615477006555
COST,2024-09-03,2024-09-05,2024-09-06,0.013032515196910337,early_reversal,-0.010496857816866156,-0.011496857816866157,1,-0.01245175637957352,0.0009548985627073625
COST,2025-09-16,2025-09-18,2025-09-19,0.01151182233486205,early_reversal,-0.0012600436216052557,-0.0022600436216052558,1,-0.000888988997179041,-0.0013710546244262148
COST,2025-10-16,2025-10-20,2025-10-27,0.011570771513658169,hold_days,-0.006687320389342832,-0.007687320389342832,5,0.023149466033076216,-0.03083678642241905
COST,2025-10-29,2025-10-31,2025-11-07,0.008504900260543858,hold_days,0.012386819157767404,0.011386819157767403,5,-0.005856362510242352,0.017243181668009755
COST,2025-12-10,2025-12-12,2025-12-15,0.011516414762840224,early_reversal,-0.02703313399152174,-0.02803313399152174,1,-0.0031296315655160445,-0.024903502426005697
COST,2026-05-06,2026-05-08,2026-05-11,0.01637962212659494,early_reversal,-0.00923882206882054,-0.010238822068820541,1,0.008025608288653396,-0.018264430357473938
COST,2026-06-25,2026-06-29,2026-06-30,0.010931442065653791,early_reversal,-0.011841441156611787,-0.012841441156611788,1,-3.643393409824558e-05,-0.012805007222513543
QCOM,2016-01-15,2016-01-20,2016-01-27,0.005893011062816459,hold_days,0.03483544354746293,0.03383544354746293,5,0.00973345646435897,0.02410198708310396
QCOM,2016-04-29,2016-05-03,2016-05-04,0.01167851634143377,early_reversal,-0.004730712516125668,-0.005730712516125668,1,-0.00988613231058022,0.004155419794454552
QCOM,2016-08-02,2016-08-04,2016-08-11,0.006765547338043209,hold_days,0.012462929148636226,0.011462929148636225,5,0.014598690897068778,-0.003135761748432553
QCOM,2016-12-16,2016-12-20,2016-12-28,0.008425822578501038,hold_days,-0.017336574058225418,-0.01833657405822542,5,-0.009636131786828428,-0.008700442271396991
QCOM,2017-01-17,2017-01-19,2017-01-20,0.014644027811279435,early_reversal,-0.024208492895505085,-0.025208492895505086,1,0.0031643188650443133,-0.0283728117605494
QCOM,2017-08-08,2017-08-10,2017-08-17,0.009179434873424874,hold_days,-0.001337470396665208,-0.002337470396665208,5,0.0072072395025670755,-0.009544709899232284
QCOM,2017-09-05,2017-09-07,2017-09-08,0.008395011821576695,early_reversal,-0.01468853981835272,-0.01568853981835272,1,-0.002693353518517849,-0.012995186299834871
QCOM,2018-03-13,2018-03-15,2018-03-22,0.007035205022545504,hold_days,-0.07196499187804495,-0.07296499187804495,5,-0.041061993558634935,-0.031902998319410014
QCOM,2019-01-29,2019-01-31,2019-02-07,0.01558698909912156,hold_days,0.0207999089624622,0.019799908962462198,5,0.009985891566412608,0.00981401739604959
QCOM,2020-11-23,2020-11-25,2020-11-27,0.014671028038622235,early_reversal,-0.0017347961709242021,-0.002734796170924202,1,0.0021967802592861574,-0.0049315764302103595
QCOM,2021-02-05,2021-02-09,2021-02-10,0.010559216073800781,early_reversal,-0.004175103934619617,-0.005175103934619617,1,-0.0020356976245280434,-0.003139406310091574
QCOM,2022-07-29,2022-08-02,2022-08-09,0.01633793166902862,hold_days,-0.030742119957445913,-0.03174211995744591,5,0.010968099631554207,-0.04271021958900012
QCOM,2023-03-13,2023-03-15,2023-03-22,0.018526922488089986,hold_days,0.05610890601364016,0.05510890601364016,5,0.011570688431752796,0.04353821758188736
QCOM,2024-09-03,2024-09-05,2024-09-06,0.012803156386474926,early_reversal,-0.03365893354805638,-0.03465893354805638,1,-0.01245175637957352,-0.02220717716848286
QCOM,2024-10-31,2024-11-04,2024-11-11,0.015359032703064115,hold_days,0.018828043597867383,0.017828043597867382,5,0.05199651173498032,-0.03416846813711294
QCOM,2025-03-28,2025-04-01,2025-04-08,0.005827285494784223,hold_days,-0.18549498240735507,-0.18649498240735507,5,-0.12454856018787419,-0.06194642221948088
QCOM,2025-07-31,2025-08-04,2025-08-05,0.009743674040992514,early_reversal,-0.005423188610188867,-0.006423188610188867,1,0.004401779274933348,-0.010824967885122216
QCOM,2025-10-07,2025-10-09,2025-10-10,0.013961187783111069,early_reversal,-0.07286018960777296,-0.07386018960777296,1,-0.022606984710187072,-0.05125320489758589
QCOM,2026-08-18,2026-08-20,2026-08-27,0.010737177108209303,hold_days,0.025133732815359577,0.024133732815359576,5,0.019822404631891333,0.004311328183468244
MU,2016-12-01,2016-12-05,2016-12-12,0.01677496353970581,hold_days,0.07576557797102135,0.07476557797102135,5,0.0287394835671706,0.04602609440385075
MU,2017-01-19,2017-01-23,2017-01-30,0.011515324935923865,hold_days,0.10461391424534128,0.10361391424534128,5,0.00829638464600091,0.09531752959934037
MU,2017-04-24,2017-04-26,2017-05-03,0.01580721826527475,hold_days,0.04516604690802972,0.04416604690802972,5,0.00423227427422912,0.0399337726338006
MU,2018-06-27,2018-06-29,2018-07-09,0.01683894461814299,hold_days,0.03565985791170423,0.03465985791170423,5,0.02748234763699986,0.007177510274704368
MU,2019-09-24,2019-09-26,2019-09-27,0.019789710585935944,early_reversal,-0.1109054783842548,-0.1119054783842548,1,-0.006966078243861418,-0.10493940014039338
MU,2020-10-28,2020-10-30,2020-11-02,0.009600027164647652,early_reversal,-0.012514929208218284,-0.013514929208218285,1,0.020040989279410892,-0.03355591848762918
MU,2022-12-22,2022-12-27,2022-12-28,0.015577598886408028,early_reversal,-0.017992915592098813,-0.018992915592098814,1,-0.01162953686341417,-0.007363378728684644
MU,2023-03-13,2023-03-15,2023-03-22,0.006864415120881268,hold_days,0.07463508943246477,0.07363508943246477,5,0.011570688431752796,0.06206440100071198
MU,2023-09-21,2023-09-25,2023-09-26,0.014432998827008527,early_reversal,-0.009332280714463903,-0.010332280714463904,1,-0.013112629916235075,0.0027803492017711706
MU,2023-11-28,2023-11-30,2023-12-01,0.007488217104367184,early_reversal,-0.0024960049149107544,-0.0034960049149107544,1,0.009983500090639197,-0.013479505005549952
MU,2024-07-25,2024-07-29,2024-07-30,0.01824114824125899,early_reversal,-0.049049578416952566,-0.05004957841695257,1,-0.0071214859029821165,-0.04292809251397045
HON,2015-12-11,2015-12-15,2015-12-22,0.007635038320174349,hold_days,0.057783742571204666,0.056783742571204665,5,0.0032444225092009837,0.05353932006200368
HON,2016-01-13,2016-01-15,2016-01-25,0.01688983220014278,hold_days,-0.008020137786274528,-0.009020137786274529,5,-0.012631693125866872,0.0036115553395923428
HON,2017-01-17,2017-01-19,2017-01-20,0.007080423193737467,early_reversal,-0.0007634383234701447,-0.0017634383234701448,1,0.0031643188650443133,-0.004927757188514458
HON,2018-02-05,2018-02-07,2018-02-08,0.008191147249973753,early_reversal,-0.0341954188837047,-0.0351954188837047,1,-0.0382470860260925,0.003051667142387804
HON,2018-10-24,2018-10-26,2018-10-29,0.01472417021660805,early_reversal,-0.0031915729875238164,-0.004191572987523816,1,0.0021955851050705633,-0.00638715809259438
HON,2019-08-05,2019-08-07,2019-08-14,0.015493093652584423,hold_days,0.0039782673215023046,0.0029782673215023045,5,-0.01135150907425142,0.014329776395753724
HON,2019-12-18,2019-12-20,2019-12-30,0.010650555862145701,hold_days,5.6883741792468356e-05,-0.0009431162582075317,5,-0.006782673637766523,0.0058395573795589914
HON,2021-04-26,2021-04-28,2021-05-05,0.00636486240260883,hold_days,0.014896831860501614,0.013896831860501613,5,0.017781027635141555,-0.0038841957746399425
HON,2021-06-18,2021-06-22,2021-06-23,0.016470389873050207,early_reversal,-0.003851434731173553,-0.004851434731173553,1,-0.0027764670138188396,-0.0020749677173547134
HON,2021-09-07,2021-09-09,2021-09-10,0.006593947657753819,early_reversal,-0.00251210796132173,-0.00351210796132173,1,-6.77887765184737e-05,-0.0034443191848032564
HON,2021-09-30,2021-10-04,2021-10-11,0.015874852831158203,hold_days,0.005041857882700729,0.004041857882700729,5,0.010476185172637376,-0.006434327289936647
HON,2022-09-06,2022-09-08,2022-09-15,0.01880389207069615,hold_days,-0.058353893421965175,-0.059353893421965176,5,-0.029072383342510166,-0.03028151007945501
HON,2024-03-14,2024-03-18,2024-03-25,0.006824509712702499,hold_days,0.008741559871093374,0.007741559871093374,5,0.019337979569864494,-0.011596419698771121
HON,2024-04-10,2024-04-12,2024-04-15,0.00623554741774997,early_reversal,-0.010807468070706983,-0.011807468070706983,1,-0.007611319650954629,-0.004196148419752355
HON,2024-04-30,2024-05-02,2024-05-09,0.013334784830195089,hold_days,0.03609788292675975,0.03509788292675975,5,0.025470138309196644,0.009627744617563105
HON,2024-09-06,2024-09-10,2024-09-17,0.015293154334509148,hold_days,0.0163721932309433,0.015372193230943298,5,0.030384346806007656,-0.015012153575064358
HON,2024-09-18,2024-09-20,2024-09-27,0.010216299612681903,hold_days,0.021047515354899016,0.020047515354899015,5,0.02286213674006743,-0.0028146213851684143
HON,2025-02-07,2025-02-11,2025-02-12,0.014597125194315108,early_reversal,-0.009326318315289406,-0.010326318315289407,1,0.0027760607021181105,-0.013102379017407517
HON,2025-09-03,2025-09-05,2025-09-12,0.005420673474716199,hold_days,-0.013022188740010598,-0.0140221887400106,5,0.02236883805229728,-0.03639102679230788
HON,2026-03-20,2026-03-24,2026-03-31,0.006817067258025015,hold_days,0.020129120988826132,0.01912912098882613,5,0.0012148684584609715,0.01791425253036516
HON,2026-04-29,2026-05-01,2026-05-04,0.019163096825996092,early_reversal,-0.013694052031749449,-0.01469405203174945,1,-0.004960000785087848,-0.009734051246661601
APD,2015-10-29,2015-11-02,2015-11-09,0.011793595517046295,hold_days,-0.01609365065474455,-0.017093650654744552,5,-0.02059132593116786,0.0034976752764233066
APD,2015-12-03,2015-12-07,2015-12-08,0.019665736849451332,early_reversal,-0.028068046439465033,-0.029068046439465034,1,-0.011719028664726516,-0.017349017774738518
APD,2016-11-01,2016-11-03,2016-11-10,0.009753506107886157,hold_days,0.051769552942943386,0.050769552942943386,5,0.04303296902344944,0.0077365839194939445
APD,2017-03-14,2017-03-16,2017-03-23,0.013291305151913962,hold_days,-0.006667975713688823,-0.007667975713688823,5,-0.012533612386035009,0.004865636672346186
APD,2018-01-16,2018-01-18,2018-01-25,0.010854340633192757,hold_days,0.04254055334229534,0.04154055334229534,5,0.007769211823204003,0.033771341519091336
APD,2018-05-31,2018-06-04,2018-06-11,0.01319606442525602,hold_days,0.030025341293680174,0.029025341293680174,5,0.019465942717893814,0.00955939857578636
APD,2018-10-24,2018-10-26,2018-11-02,0.01725864620787743,hold_days,0.04289612700805567,0.04189612700805567,5,0.04047999607440089,0.00141613093365478
APD,2018-12-17,2018-12-19,2018-12-27,0.0061766068092277155,hold_days,0.03666446553361502,0.03566446553361502,5,0.005320609585249159,0.03034385594836586
APD,2020-06-24,2020-06-26,2020-07-06,0.017843112062953612,hold_days,0.0605698139438311,0.059569813943831096,5,0.04644210024636153,0.013127713697469567
APD,2020-10-28,2020-10-30,2020-11-06,0.013883774005898526,hold_days,0.1103387943375218,0.1093387943375218,5,0.07742427477160474,0.031914519565917066
APD,2020-11-13,2020-11-17,2020-11-24,0.009739922385409779,hold_days,0.06658144224459184,0.06558144224459184,5,0.02186294316004278,0.043718499084549056
APD,2021-07-06,2021-07-08,2021-07-15,0.014195232887427483,hold_days,0.002575531892983429,0.0015755318929834292,5,0.010655035293613002,-0.009079503400629574
APD,2022-03-01,2022-03-03,2022-03-04,0.012145975392420804,early_reversal,-0.014793521145563648,-0.01579352114556365,1,-0.011545806628875721,-0.004247714516687928
APD,2022-05-10,2022-05-12,2022-05-19,0.009580303846272684,hold_days,0.012143061867279314,0.011143061867279314,5,-0.02741922986116463,0.03856229172844394
APD,2022-07-14,2022-07-18,2022-07-25,0.014505702058806559,hold_days,0.052111048981198005,0.051111048981198004,5,0.03782064854921696,0.013290400431981042
APD,2023-03-17,2023-03-21,2023-03-22,0.016269927533810447,early_reversal,-0.012374297951714186,-0.013374297951714187,1,-0.013579482537989906,0.00020518458627571956
APD,2024-01-31,2024-02-02,2024-02-05,0.015056125824757008,early_reversal,-0.1555177779287369,-0.1565177779287369,1,-0.012180568714472706,-0.14433720921426418
APD,2024-12-19,2024-12-23,2024-12-31,0.006207938278591628,hold_days,-0.01195704778959128,-0.01295704778959128,5,-0.009170462886835873,-0.0037865849027554077
APD,2026-02-17,2026-02-19,2026-02-26,0.016925334244890074,hold_days,-0.01599459233542133,-0.016994592335421332,5,0.0008425861529091083,-0.01783717848833044
APD,2026-04-17,2026-04-21,2026-04-28,0.014872676483008466,hold_days,0.029072627870175838,0.028072627870175837,5,0.008145946934511317,0.01992668093566452
APD,2026-05-04,2026-05-06,2026-05-07,0.018702802610586666,early_reversal,-0.01738783286413237,-0.01838783286413237,1,-0.005793712742377277,-0.012594120121755092
APD,2026-08-17,2026-08-19,2026-08-20,0.007877503656713239,early_reversal,-0.009531081844215028,-0.010531081844215029,1,-0.008155453449598449,-0.00237562839461658
MMM,2015-12-15,2015-12-17,2015-12-18,0.012286567027257498,early_reversal,-0.012966217255397372,-0.013966217255397373,1,-0.015055661432720524,0.0010894441773231511
MMM,2016-04-26,2016-04-28,2016-05-05,0.009507986621117062,hold_days,0.0046108819568315695,0.0036108819568315695,5,-0.029944668070407077,0.033555550027238645
MMM,2016-09-09,2016-09-13,2016-09-14,0.014006178545886644,early_reversal,-0.0025554158167000462,-0.0035554158167000463,1,-0.00040879163910834126,-0.003146624177591705
MMM,2016-11-30,2016-12-02,2016-12-05,0.0051820065693286305,early_reversal,-0.0046974843346928585,-0.0056974843346928586,1,0.004198447008773032,-0.009895931343465891
MMM,2017-11-15,2017-11-17,2017-11-27,0.008883032388518041,hold_days,0.025377083197401173,0.024377083197401173,5,0.00712611482344494,0.017250968373956233
MMM,2017-12-12,2017-12-14,2017-12-15,0.010694097185883216,early_reversal,-0.0003357528661404041,-0.0013357528661404041,1,0.007784954788560006,-0.00912070765470041
MMM,2018-02-05,2018-02-07,2018-02-08,0.009462230282628853,early_reversal,-0.04416995754779107,-0.04516995754779107,1,-0.0382470860260925,-0.00692287152169857
MMM,2018-09-12,2018-09-14,2018-09-21,0.011320467060485364,hold_days,0.040648042924004146,0.039648042924004145,5,0.013705537575205318,0.025942505348798828
MMM,2019-05-13,2019-05-15,2019-05-16,0.006549237154171987,early_reversal,-0.013266442078025076,-0.014266442078025077,1,0.0016074847396119196,-0.015873926817636996
MMM,2020-12-01,2020-12-03,2020-12-10,0.007799781298689097,hold_days,0.0096609893381423,0.0086609893381423,5,0.010386972766222025,-0.0017259834280797248
MMM,2021-01-11,2021-01-13,2021-01-21,0.007929803256400272,hold_days,0.026401571712178384,0.025401571712178383,5,0.006739329660477633,0.01866224205170075
MMM,2021-06-18,2021-06-22,2021-06-23,0.018841517818092755,early_reversal,-0.01424608991181986,-0.01524608991181986,1,-0.0027764670138188396,-0.01246962289800102
MMM,2021-07-19,2021-07-21,2021-07-22,0.01650136542910492,early_reversal,-0.008467405774644776,-0.009467405774644777,1,-0.003475676863273991,-0.005991728911370786
MMM,2021-09-07,2021-09-09,2021-09-10,0.012447882422463901,early_reversal,-0.006460477769151152,-0.007460477769151152,1,-6.77887765184737e-05,-0.007392688992632678
MMM,2021-09-14,2021-09-16,2021-09-17,0.00970278313788636,early_reversal,-0.00640556462633779,-0.00740556462633779,1,-0.008367358500751432,0.000961793874413642
MMM,2021-10-22,2021-10-26,2021-10-27,0.008849687354979959,early_reversal,-0.021519388623730262,-0.022519388623730263,1,-0.010602063581679144,-0.011917325042051119
MMM,2021-10-27,2021-10-29,2021-11-05,0.009144882883678514,hold_days,0.01746122273459738,0.01646122273459738,5,0.021128250876348398,-0.004667028141751017
MMM,2022-11-28,2022-11-30,2022-12-07,0.01195455779083404,hold_days,0.003016601408524666,0.002016601408524666,5,-0.04078887308338486,0.04280547449190952
MMM,2023-07-06,2023-07-10,2023-07-17,0.010175565548491583,hold_days,0.0464039139630914,0.0454039139630914,5,0.022644636411551566,0.022759277551539836
MMM,2023-09-13,2023-09-15,2023-09-18,0.012567991270760184,early_reversal,-0.00019805127351379959,-0.0011980512735137996,1,-0.0026863030938414356,0.001488251820327636
MMM,2024-09-03,2024-09-05,2024-09-06,0.009934967892762887,early_reversal,-0.021308919074996324,-0.022308919074996325,1,-0.01245175637957352,-0.009857162695422805
MMM,2025-03-04,2025-03-06,2025-03-07,0.011997800179216771,early_reversal,-0.004355559921246699,-0.005355559921246699,1,0.008201726517075292,-0.013557286438321992
MMM,2025-04-04,2025-04-08,2025-04-15,0.012922586433410524,hold_days,0.06369912483149665,0.06269912483149664,5,0.05815689314257799,0.004542231688918652
MMM,2026-03-12,2026-03-16,2026-03-17,0.012474928381934362,early_reversal,-0.0059354116263181655,-0.006935411626318166,1,0.0018399854239223856,-0.008775397050240552
MMM,2026-04-23,2026-04-27,2026-05-04,0.007939813465647958,hold_days,-0.02888115294231286,-0.02988115294231286,5,0.013188109179703922,-0.04306926212201678
ABT,2015-11-30,2015-12-02,2015-12-03,0.012021614825234561,early_reversal,-0.023661827417781334,-0.024661827417781335,1,-0.010866083872116183,-0.013795743545665151
ABT,2016-01-21,2016-01-25,2016-02-01,0.013930709999463945,hold_days,-0.03050938599347197,-0.03150938599347197,5,0.031653147380863444,-0.06316253337433542
ABT,2016-10-19,2016-10-21,2016-10-24,0.01824578851408983,early_reversal,-0.00222236985295976,-0.00322236985295976,1,0.005407438829187594,-0.008629808682147355
ABT,2016-12-16,2016-12-20,2016-12-28,0.00629935123323813,hold_days,0.0007859378765802116,-0.00021406212341978838,5,-0.009636131786828428,0.009422069663408639
ABT,2017-11-29,2017-12-01,2017-12-04,0.01421375646185902,early_reversal,-0.0226869717953464,-0.0236869717953464,1,-0.004563478192725623,-0.019123493602620778
ABT,2018-06-27,2018-06-29,2018-07-09,0.012894660725596517,hold_days,0.023774385076406945,0.022774385076406944,5,0.02748234763699986,-0.004707962560592915
ABT,2018-10-11,2018-10-15,2018-10-22,0.018061969683114763,hold_days,-0.002619980145273204,-0.003619980145273204,5,-0.0015191063387538506,-0.0021008738065193535
ABT,2019-05-23,2019-05-28,2019-05-29,0.017850465568214263,early_reversal,-0.0005283284809303179,-0.001528328480930318,1,-0.004524409039312727,0.002996080558382409
ABT,2021-02-23,2021-02-25,2021-02-26,0.013079230110771826,early_reversal,-0.014804961135348238,-0.01580496113534824,1,-0.012370121371040654,-0.0034348397643075845
ABT,2021-11-05,2021-11-09,2021-11-16,0.01953850086022179,hold_days,0.03527635661387629,0.03427635661387629,5,0.008552465449732649,0.025723891164143642
ABT,2022-02-14,2022-02-16,2022-02-17,0.009773487001451277,early_reversal,-0.02506461732284826,-0.02606461732284826,1,-0.020268969276889814,-0.005795648045958446
ABT,2022-02-18,2022-02-23,2022-03-02,0.006164738848717975,hold_days,0.026524734421630614,0.025524734421630613,5,0.03930614697485102,-0.013781412553220407
ABT,2022-03-08,2022-03-10,2022-03-11,0.019636337234170267,early_reversal,-0.025469999069008598,-0.0264699990690086,1,-0.01332246708320628,-0.013147531985802319
ABT,2024-01-24,2024-01-26,2024-02-02,0.015166491382536824,hold_days,0.0008928143442730185,-0.00010718565572698149,5,-0.006895824563396102,0.006788638907669121
ABT,2024-04-18,2024-04-22,2024-04-29,0.019093674052818897,hold_days,0.0018679085527069095,0.0008679085527069095,5,0.013946286943906205,-0.013078378391199297
ABT,2025-01-10,2025-01-14,2025-01-15,0.007835448323183178,early_reversal,-0.011829516740178292,-0.012829516740178293,1,0.012897435134647584,-0.025726951874825876
ABT,2026-01-23,2026-01-27,2026-01-28,0.012567512075425658,early_reversal,-0.020504159984380266,-0.021504159984380267,1,0.0016697770949258839,-0.02317393707930615
ABT,2026-04-16,2026-04-20,2026-04-21,0.014035769997905805,early_reversal,-0.03416662117744462,-0.035166621177444624,1,-0.006871336353581725,-0.0282952848238629
TGT,2016-04-29,2016-05-03,2016-05-04,0.007798615641105239,early_reversal,-0.0035005142968239644,-0.0045005142968239644,1,-0.00988613231058022,0.005385618013756256
TGT,2016-05-13,2016-05-17,2016-05-18,0.0175941906424494,early_reversal,-0.076212514618753,-0.077212514618753,1,-0.001959164538075431,-0.07525335008067757
TGT,2016-09-26,2016-09-28,2016-09-29,0.01591800458935255,early_reversal,-0.0014748123451080453,-0.0024748123451080453,1,-0.00369033407140551,0.0012155217262974647
TGT,2016-10-27,2016-10-31,2016-11-01,0.01789419511804644,early_reversal,-0.01382225313816321,-0.01482225313816321,1,-0.003893426497834085,-0.010928826640329126
TGT,2017-04-05,2017-04-07,2017-04-17,0.015544350610866887,hold_days,0.008264460453399014,0.007264460453399014,5,-0.007746849641008247,0.01501131009440726
TGT,2017-08-24,2017-08-28,2017-09-05,0.014757370809657009,hold_days,0.053453302727225926,0.052453302727225926,5,0.017239165606452778,0.03521413712077315
TGT,2018-03-01,2018-03-05,2018-03-06,0.013759898624659072,early_reversal,-0.04458356077551484,-0.04558356077551484,1,0.0031328711447042856,-0.04871643192021913
TGT,2018-06-20,2018-06-22,2018-06-29,0.009948126848298959,hold_days,0.0010520123283883631,5.2012328388363095e-05,5,-0.01855755016585947,0.018609562494247833
TGT,2018-06-28,2018-07-02,2018-07-10,0.006878196821541602,hold_days,0.03339037094625952,0.03239037094625952,5,0.02965548639374438,0.0027348845525151377
TGT,2018-07-12,2018-07-16,2018-07-23,0.015947660768128508,hold_days,0.01916842797824736,0.01816842797824736,5,0.002892563041481111,0.015275864936766248
TGT,2018-10-19,2018-10-23,2018-10-24,0.014753008020455378,early_reversal,-0.00483852706812371,-0.00583852706812371,1,-0.036143948940378534,0.030305421872254823
TGT,2019-04-26,2019-04-30,2019-05-01,0.00881725962683324,early_reversal,-0.02260383599413096,-0.02360383599413096,1,-0.007959197761076231,-0.01564463823305473
TGT,2019-05-01,2019-05-03,2019-05-10,0.009911349444653175,hold_days,-0.017118563297118583,-0.018118563297118584,5,-0.027754263102328203,0.009635699805209619
TGT,2019-09-20,2019-09-24,2019-09-25,0.01978052469495799,early_reversal,-0.006049156135965905,-0.007049156135965905,1,0.0048542637308901515,-0.011903419866856058
TGT,2021-08-02,2021-08-04,2021-08-11,0.0192816233618817,hold_days,0.009519031710991221,0.00851903171099122,5,0.005208029265504788,0.003311002445486433
TGT,2021-10-04,2021-10-06,2021-10-13,0.007392998504650234,hold_days,0.043733183747226345,0.042733183747226344,5,0.0030947565121690612,0.03963842723505728
TGT,2021-11-22,2021-11-24,2021-11-26,0.018849383020674917,early_reversal,-0.008803696749714152,-0.009803696749714153,1,-0.02294790935565494,0.013144212605940786
TGT,2022-01-18,2022-01-20,2022-01-21,0.01740845827148113,early_reversal,-0.020160492417184095,-0.021160492417184096,1,-0.009519458134114589,-0.011641034283069507
TGT,2022-05-19,2022-05-23,2022-05-24,0.012579205745559,early_reversal,-0.02566584154448215,-0.02666584154448215,1,-0.005015874372399032,-0.021649967172083118
TGT,2023-04-26,2023-04-28,2023-05-01,0.017368975647612597,early_reversal,-0.003993744803094446,-0.004993744803094446,1,-0.004429084050269871,-0.0005646607528245742
TGT,2023-11-09,2023-11-13,2023-11-20,0.014420865652237429,hold_days,0.220809646189001,0.219809646189001,5,0.045626423839398855,0.17418322234960215
TGT,2024-05-01,2024-05-03,2024-05-10,0.010803754032568608,hold_days,0.03220739136773476,0.03120739136773476,5,0.028130430551075003,0.0030769608166597573
TGT,2025-02-03,2025-02-05,2025-02-06,0.01073335982069294,early_reversal,-0.003919912016133731,-0.004919912016133731,1,-0.010164676146873663,0.005244764130739933
TGT,2025-02-12,2025-02-14,2025-02-24,0.008470598300456834,hold_days,-0.016499772756366604,-0.017499772756366605,5,-0.0011839673359858027,-0.016315805420380802
TGT,2025-04-03,2025-04-07,2025-04-08,0.015273584686385459,early_reversal,-0.05954646498088767,-0.06054646498088767,1,-0.01942380939175037,-0.0411226555891373
TGT,2025-09-15,2025-09-17,2025-09-24,0.013098523752710428,hold_days,-0.006971863674504086,-0.007971863674504087,5,0.0022359839945509385,-0.010207847669055026
BLK,2015-08-04,2015-08-06,2015-08-07,0.006768340527539842,early_reversal,-0.003662628139182611,-0.004662628139182611,1,-0.001428661506971518,-0.003233966632211093
BLK,2016-05-13,2016-05-17,2016-05-24,0.013072937234814883,hold_days,0.03543309361025804,0.034433093610258036,5,0.01989636471862144,0.014536728891636597
BLK,2016-09-29,2016-10-03,2016-10-04,0.014639862186843275,early_reversal,-0.01122004601689608,-0.01222004601689608,1,-0.005119347338029989,-0.007100698678866091
BLK,2016-10-04,2016-10-06,2016-10-13,0.006207656881091139,hold_days,-0.02090799347553529,-0.021907993475535292,5,-0.02197334516373506,6.535168819976622e-05
BLK,2017-01-17,2017-01-19,2017-01-26,0.008537908080047028,hold_days,0.0054858842330092195,0.0044858842330092194,5,0.005381577129331738,-0.0008956928963225188
BLK,2017-04-19,2017-04-21,2017-04-28,0.01190686830841739,hold_days,0.01721972210842626,0.01621972210842626,5,0.018355319331582853,-0.0021355972231565934
BLK,2017-07-17,2017-07-19,2017-07-26,0.005298869808414442,hold_days,0.01465542998957381,0.013655429989573808,5,-0.0047387908790740285,0.018394220868647837
BLK,2018-02-05,2018-02-07,2018-02-08,0.01952499572895004,early_reversal,-0.04298646914738946,-0.04398646914738946,1,-0.0382470860260925,-0.005739383121296959
BLK,2018-05-29,2018-05-31,2018-06-07,0.01913191414471031,hold_days,0.03347951483544698,0.032479514835446976,5,0.0337050779876793,-0.001225563152232323
BLK,2019-05-13,2019-05-15,2019-05-22,0.006956108714266745,hold_days,-0.01174689355184555,-0.01274689355184555,5,-0.009370966814818416,-0.003375926737027135
BLK,2019-07-17,2019-07-19,2019-07-26,0.008789861044939274,hold_days,0.010417466263856756,0.009417466263856755,5,0.025023590478318702,-0.015606124214461947
BLK,2021-10-04,2021-10-06,2021-10-13,0.016013447299401642,hold_days,0.036129167925065264,0.03512916792506526,5,0.0030947565121690612,0.0320344114128962
BLK,2022-01-10,2022-01-12,2022-01-13,0.01700371974531097,early_reversal,-0.01980532158607784,-0.02080532158607784,1,-0.007006483036396283,-0.013798838549681558
BLK,2022-01-24,2022-01-26,2022-01-27,0.014908327558848099,early_reversal,-0.009441040853779836,-0.010441040853779837,1,-0.003861845019075716,-0.006579195834704121
BLK,2022-07-14,2022-07-18,2022-07-25,0.019944300219792547,hold_days,0.06463297770684773,0.06363297770684773,5,0.03782064854921696,0.025812329157630765
BLK,2023-03-13,2023-03-15,2023-03-22,0.01927227576895954,hold_days,0.02624507279322441,0.02524507279322441,5,0.011570688431752796,0.013674384361471614
BLK,2024-08-05,2024-08-07,2024-08-14,0.012277923557432381,hold_days,0.02105160883982693,0.02005160883982693,5,0.0356033637671096,-0.015551754927282668
BLK,2025-02-24,2025-02-26,2025-02-27,0.005468196374270055,early_reversal,-0.009310428623952482,-0.010310428623952483,1,-0.009692108947636946,-0.0006183196763155374
BLK,2025-06-17,2025-06-20,2025-06-27,0.010668843773337914,hold_days,0.07530469260648509,0.07430469260648509,5,0.029062115182457493,0.0452425774240276
BLK,2025-11-04,2025-11-06,2025-11-13,0.012887846410645198,hold_days,0.00019655973824672657,-0.0008034402617532735,5,0.01101898991796979,-0.011822430179723065
BLK,2026-09-02,2026-09-04,2026-09-08,0.017225624370005414,early_reversal,-0.018977988074596053,-0.019977988074596054,1,-0.007186263980433649,-0.012791724094162404
CVS,2015-09-18,2015-09-22,2015-09-29,0.01898414414014782,hold_days,-0.049085053015619606,-0.05008505301561961,5,-0.026304585912062084,-0.023780467103557523
CVS,2015-10-30,2015-11-03,2015-11-04,0.016197555392334535,early_reversal,-0.003203071037334859,-0.004203071037334859,1,-0.004291417068565506,8.834603123064697e-05
CVS,2016-06-13,2016-06-15,2016-06-16,0.006368708596231479,early_reversal,-0.0051035743276063306,-0.006103574327606331,1,0.004482847928619194,-0.010586422256225525
CVS,2016-09-14,2016-09-16,2016-09-19,0.00793824278018991,early_reversal,-0.010541345976616268,-0.011541345976616268,1,-0.0015357469342485164,-0.010005599042367752
CVS,2016-10-28,2016-11-01,2016-11-08,0.008877176356910939,hold_days,-0.1188735721827785,-0.1198735721827785,5,0.01147204283388703,-0.13134561501666553
CVS,2017-06-16,2017-06-20,2017-06-27,0.013495904487525863,hold_days,0.03484133089268915,0.03384133089268915,5,0.006008956089417206,0.027832374803271942
CVS,2017-08-04,2017-08-08,2017-08-15,0.014749406446157349,hold_days,0.006872859110164331,0.005872859110164331,5,0.0008148452137473061,0.005058013896417025
CVS,2017-12-05,2017-12-07,2017-12-14,0.005210842281375124,hold_days,-0.0040791152601492575,-0.0050791152601492575,5,0.0032223893998035713,-0.00830150465995283
CVS,2018-06-29,2018-07-03,2018-07-11,0.01274280574636759,hold_days,0.043410725618255874,0.04241072561825587,5,0.026935305930745557,0.015475419687510317
CVS,2019-02-01,2019-02-05,2019-02-12,0.010579420447628246,hold_days,0.02040524163521451,0.01940524163521451,5,0.014207545490330986,0.0051976961448835235
CVS,2020-06-11,2020-06-15,2020-06-22,0.015674442688862346,hold_days,0.015477011051744816,0.014477011051744815,5,0.012378816188041597,0.0020981948637032177
CVS,2020-08-26,2020-08-28,2020-08-31,0.0110047657539073,early_reversal,-0.017243726682710014,-0.018243726682710015,1,-0.006187981127394826,-0.01205574555531519
CVS,2020-09-01,2020-09-03,2020-09-04,0.010451352418411662,early_reversal,-0.0034738588712095453,-0.004473858871209545,1,-0.0028697782603553934,-0.001604080610854152
CVS,2021-02-26,2021-03-02,2021-03-09,0.016879654315216902,hold_days,0.03321734369327256,0.03221734369327256,5,0.011454856556474047,0.020762487136798513
CVS,2021-06-14,2021-06-16,2021-06-17,0.009217881611058546,early_reversal,-0.00601822874957314,-0.00701822874957314,1,-0.003775130088669476,-0.003243098660903664
CVS,2021-06-18,2021-06-22,2021-06-23,0.019660024225236643,early_reversal,-0.0009546744236981208,-0.001954674423698121,1,-0.0027764670138188396,0.0008217925901207188
CVS,2021-09-10,2021-09-14,2021-09-21,0.008593117380622725,hold_days,0.0004764265986887395,-0.0005235734013112605,5,-0.015745188808180433,0.015221615406869171
CVS,2022-01-21,2022-01-25,2022-02-01,0.019200562357805765,hold_days,0.030746963847782416,0.029746963847782415,5,0.03636662969050497,-0.006619665842722555
CVS,2022-08-31,2022-09-02,2022-09-06,0.018135409309042217,early_reversal,-0.0071400021544025805,-0.008140002154402581,1,-0.006395539429330799,-0.0017444627250717826
CVS,2023-01-05,2023-01-09,2023-01-10,0.012714203747300446,early_reversal,-0.009181317746349338,-0.010181317746349339,1,0.005765903799229699,-0.015947221545579038
CVS,2023-01-12,2023-01-17,2023-01-18,0.008297869896257234,early_reversal,-0.01309162313847223,-0.014091623138472231,1,-0.015980954551301663,0.0018893314128294314
CVS,2024-01-12,2024-01-17,2024-01-18,0.011233015975436246,early_reversal,-0.04039473917602221,-0.04139473917602221,1,0.006194188125762112,-0.04758892730178432
CVS,2024-04-02,2024-04-04,2024-04-11,0.01056650086159199,hold_days,-0.0562922886442212,-0.0572922886442212,5,0.0039705643734631035,-0.061262853017684304
CVS,2024-12-19,2024-12-23,2024-12-31,0.013247963622007034,hold_days,0.016991410271651075,0.015991410271651074,5,-0.009170462886835873,0.025161873158486947
AXP,2015-12-03,2015-12-07,2015-12-08,0.009656511442903639,early_reversal,-0.009913118104746266,-0.010913118104746267,1,-0.011719028664726516,0.0008059105599802496
AXP,2016-01-13,2016-01-15,2016-01-19,0.007000816405538109,early_reversal,-0.004292107272887202,-0.005292107272887202,1,-0.0011295864634296438,-0.0041625208094575586
AXP,2016-09-14,2016-09-16,2016-09-23,0.005513773953472464,hold_days,0.002984807379944554,0.001984807379944554,5,0.0050040382226945734,-0.0030192308427500194
AXP,2016-09-26,2016-09-28,2016-09-29,0.013560317820984259,early_reversal,-0.013235915194388714,-0.014235915194388715,1,-0.00369033407140551,-0.010545581122983205
AXP,2018-04-11,2018-04-13,2018-04-20,0.019104722955919796,hold_days,0.08341415195792101,0.08241415195792101,5,0.007620876554890188,0.07479327540303082
AXP,2018-05-29,2018-05-31,2018-06-01,0.0129963387675552,early_reversal,-0.0005085682582758322,-0.0015085682582758322,1,0.010072999854023212,-0.011581568112299045
AXP,2018-10-11,2018-10-15,2018-10-22,0.013979068414251247,hold_days,0.018417445014984768,0.017417445014984767,5,-0.0015191063387538506,0.018936551353738618
AXP,2019-08-20,2019-08-22,2019-08-23,0.008894647053076722,early_reversal,-0.03688537031202821,-0.03788537031202821,1,-0.027119194769530064,-0.010766175542498146
AXP,2019-09-20,2019-09-24,2019-10-01,0.012328702414752903,hold_days,-0.01243980227386754,-0.01343980227386754,5,-0.015122834288999742,0.001683032015132202
AXP,2020-12-14,2020-12-16,2020-12-17,0.014826239666800007,early_reversal,-0.00016823941066290704,-0.001168239410662907,1,0.004112006802498458,-0.005280246213161365
AXP,2021-04-20,2021-04-22,2021-04-23,0.014335408010739875,early_reversal,-0.01923086270818697,-0.02023086270818697,1,0.004737448253965937,-0.024968310962152906
AXP,2021-06-10,2021-06-14,2021-06-21,0.01405421222515841,hold_days,0.006654150601863806,0.005654150601863806,5,-0.012001595275572985,0.01765574587743679
AXP,2021-07-28,2021-07-30,2021-08-02,0.011351510182407158,early_reversal,-0.007388720624377565,-0.008388720624377566,1,-0.0027918437397075335,-0.005596876884670032
AXP,2022-03-01,2022-03-03,2022-03-04,0.012636194399226905,early_reversal,-0.03857912828629029,-0.03957912828629029,1,-0.011545806628875721,-0.028033321657414567
AXP,2022-09-16,2022-09-20,2022-09-21,0.014894295390733512,early_reversal,-0.031078734129889263,-0.032078734129889264,1,-0.015144713872810911,-0.016934020257078353
AXP,2024-05-23,2024-05-28,2024-05-29,0.011551873630099258,early_reversal,-0.005521596519196925,-0.006521596519196925,1,-0.00930506905161299,0.0027834725324160656
AXP,2024-10-21,2024-10-23,2024-10-24,0.006131397358104113,early_reversal,-0.004608613001938822,-0.005608613001938822,1,0.0010385991023720287,-0.00664721210431085
AXP,2025-02-25,2025-02-27,2025-03-06,0.009408785672154252,hold_days,-0.06308640922071806,-0.06408640922071807,5,-0.011485907172987808,-0.05260050204773026
AXP,2025-08-01,2025-08-05,2025-08-06,0.014680328994328444,early_reversal,-0.003708371540876443,-0.004708371540876443,1,-0.0017933727518394393,-0.0029149987890370035
AXP,2026-09-01,2026-09-03,2026-09-04,0.017859923197256385,early_reversal,-0.011096972836191599,-0.0120969728361916,1,0.0013540738856125945,-0.013451046721804194
