run_date,as_of,ticker,price,price_estimated,event,low_date,pct1,vr_L,vr_L1,vr_L2,entry_date,entry_price,exit_price,ret,days_held
2026-09-22,2026-09-21,MMM,164.97,False,watch,,,,,,,,,,
2026-09-22,2026-09-21,ABT,102.98,False,watch,,,,,,,,,,
2026-09-22,2026-09-21,ABBV,264.48,False,watch,,,,,,,,,,
2026-09-22,2026-09-21,ACN,186.11,False,watch,,,,,,,,,,
2026-09-22,2026-09-21,ADBE,249.52,False,watch,,,,,,,,,,
2026-09-22,2026-09-21,GOOG,350.87,False,watch,,,,,,,,,,
2026-09-22,2026-09-21,MO,68.53,False,watch,,,,,,,,,,
2026-09-22,2026-09-21,AMZN,258.45,False,watch,,,,,,,,,,
2026-09-22,2026-09-21,AXP,313.59,False,watch,,,,,,,,,,
2026-09-22,2026-09-21,AEP,120.03,False,watch,,,,,,,,,,
2026-09-22,2026-09-21,AMGN,393.16,False,watch,,,,,,,,,,
2026-09-22,2026-09-21,AAPL,338.98,False,watch,,,,,,,,,,
2026-09-22,2026-09-21,AMAT,464.24,False,watch,,,,,,,,,,
2026-09-22,2026-09-21,ADM,83.38,False,watch,,,,,,,,,,
2026-09-22,2026-09-21,T,25.45,False,watch,,,,,,,,,,
2026-09-22,2026-09-21,BAC,57.96,False,watch,,,,,,,,,,
2026-09-22,2026-09-21,BA,201.15,False,watch,,,,,,,,,,
2026-09-22,2026-09-21,CAT,816.5,False,watch,,,,,,,,,,
2026-09-22,2026-09-21,CVX,203.67,False,watch,,,,,,,,,,
2026-09-22,2026-09-21,CSCO,111.46,False,watch,,,,,,,,,,
2026-09-22,2026-09-21,C,135.05,False,watch,,,,,,,,,,
2026-09-22,2026-09-21,KO,87.12,False,watch,,,,,,,,,,
2026-09-22,2026-09-21,COP,127.53,False,watch,,,,,,,,,,
2026-09-22,2026-09-21,COST,898.48,False,watch,,,,,,,,,,
2026-09-22,2026-09-21,DHR,215.84,False,watch,,,,,,,,,,
2026-09-22,2026-09-21,DE,684.73,False,watch,,,,,,,,,,
2026-09-22,2026-09-21,DOV,186.09,False,watch,,,,,,,,,,
2026-09-22,2026-09-21,XOM,158.3,False,watch,,,,,,,,,,
2026-09-22,2026-09-21,GS,959.39,False,watch,,,,,,,,,,
2026-09-22,2026-09-21,HD,297.2,False,watch,,,,,,,,,,
2026-09-22,2026-09-21,HON,206.48,False,watch,,,,,,,,,,
2026-09-22,2026-09-21,IBM,231.93,False,watch,,,,,,,,,,
2026-09-22,2026-09-21,JNJ,269.47,False,watch,,,,,,,,,,
2026-09-22,2026-09-21,JPM,352.04,False,watch,,,,,,,,,,
2026-09-22,2026-09-21,LMT,535.4,False,watch,,,,,,,,,,
2026-09-22,2026-09-21,MCD,247.88,False,watch,,,,,,,,,,
2026-09-22,2026-09-21,MRK,149.5,False,watch,,,,,,,,,,
2026-09-22,2026-09-21,MSFT,501.61,False,watch,,,,,,,,,,
2026-09-22,2026-09-21,NKE,36.1,False,watch,,,,,,,,,,
2026-09-22,2026-09-21,DIS,104.23,False,watch,,,,,,,,,,
2026-09-22,2026-09-21,GOOGL,354.97,False,watch,,,,,,,,,,
2026-09-22,2026-09-21,NVDA,227.38,False,watch,,,,,,,,,,
2026-09-22,2026-09-21,TSLA,375.3,False,watch,,,,,,,,,,
2026-09-22,2026-09-21,META,741.25,False,watch,,,,,,,,,,
2026-09-22,2026-09-21,NFLX,73.36,False,watch,,,,,,,,,,
2026-09-22,2026-09-21,PEP,129.59,False,watch,,,,,,,,,,
2026-09-22,2026-09-21,WMT,107.44,False,watch,,,,,,,,,,
2026-09-22,2026-09-21,TGT,157.71,False,watch,,,,,,,,,,
2026-09-22,2026-09-21,LOW,190.98,False,watch,,,,,,,,,,
2026-09-22,2026-09-21,UNH,377.56,False,watch,,,,,,,,,,
2026-09-22,2026-09-21,PFE,27.74,False,watch,,,,,,,,,,
2026-09-22,2026-09-21,LLY,1164.89,False,watch,,,,,,,,,,
2026-09-22,2026-09-21,BMY,62.62,False,watch,,,,,,,,,,
2026-09-22,2026-09-21,GILD,150.56,False,watch,,,,,,,,,,
2026-09-22,2026-09-21,CVS,87.6,False,watch,,,,,,,,,,
2026-09-22,2026-09-21,TMO,658.76,False,watch,,,,,,,,,,
2026-09-22,2026-09-21,MDT,91.75,False,watch,,,,,,,,,,
2026-09-22,2026-09-21,SYK,274.19,False,watch,,,,,,,,,,
2026-09-22,2026-09-21,BDX,180.7,False,watch,,,,,,,,,,
2026-09-22,2026-09-21,ISRG,401.65,False,watch,,,,,,,,,,
2026-09-22,2026-09-21,ORCL,148.56,False,watch,,,,,,,,,,
2026-09-22,2026-09-21,CRM,236.42,False,watch,,,,,,,,,,
2026-09-22,2026-09-21,INTC,121.78,False,watch,,,,,,,,,,
2026-09-22,2026-09-21,AMD,615.52,False,watch,,,,,,,,,,
2026-09-22,2026-09-21,QCOM,194.23,False,watch,,,,,,,,,,
2026-09-22,2026-09-21,TXN,270.87,False,watch,,,,,,,,,,
2026-09-22,2026-09-21,AVGO,362.66,False,watch,,,,,,,,,,
2026-09-22,2026-09-21,MU,1043.96,False,watch,,,,,,,,,,
2026-09-22,2026-09-21,NOW,137.68,False,watch,,,,,,,,,,
2026-09-22,2026-09-21,INTU,304.12,False,watch,,,,,,,,,,
2026-09-22,2026-09-21,MA,567.65,False,watch,,,,,,,,,,
2026-09-22,2026-09-21,V,369.95,False,watch,,,,,,,,,,
2026-09-22,2026-09-21,WFC,86.54,False,watch,,,,,,,,,,
2026-09-22,2026-09-21,MS,206.12,False,watch,,,,,,,,,,
2026-09-22,2026-09-21,BLK,1090.27,False,watch,,,,,,,,,,
2026-09-22,2026-09-21,SCHW,106.88,False,watch,,,,,,,,,,
2026-09-22,2026-09-21,USB,60.44,False,watch,,,,,,,,,,
2026-09-22,2026-09-21,PNC,233.25,False,watch,,,,,,,,,,
2026-09-22,2026-09-21,SO,85.46,False,watch,,,,,,,,,,
2026-09-22,2026-09-21,DUK,116.74,False,watch,,,,,,,,,,
2026-09-22,2026-09-21,NEE,79.63,False,watch,,,,,,,,,,
2026-09-22,2026-09-21,UPS,94.75,False,watch,,,,,,,,,,
2026-09-22,2026-09-21,FDX,295.79,False,watch,,,,,,,,,,
2026-09-22,2026-09-21,UNP,269.63,False,watch,,,,,,,,,,
2026-09-22,2026-09-21,CSX,45.99,False,watch,,,,,,,,,,
2026-09-22,2026-09-21,RTX,194.34,False,watch,,,,,,,,,,
2026-09-22,2026-09-21,GD,353.9,False,watch,,,,,,,,,,
2026-09-22,2026-09-21,NOC,526.66,False,watch,,,,,,,,,,
2026-09-22,2026-09-21,EMR,151.72,False,watch,,,,,,,,,,
2026-09-22,2026-09-21,ITW,267.52,False,watch,,,,,,,,,,
2026-09-22,2026-09-21,PG,146.08,False,watch,,,,,,,,,,
2026-09-22,2026-09-21,CL,86.26,False,watch,,,,,,,,,,
2026-09-22,2026-09-21,KMB,97.74,False,watch,,,,,,,,,,
2026-09-22,2026-09-21,GIS,35.41,False,watch,,,,,,,,,,
2026-09-22,2026-09-21,SBUX,94.9,False,watch,,,,,,,,,,
2026-09-22,2026-09-21,YUM,139.33,False,watch,,,,,,,,,,
2026-09-22,2026-09-21,TJX,130.96,False,watch,,,,,,,,,,
2026-09-22,2026-09-21,ORLY,82.88,False,watch,,,,,,,,,,
2026-09-22,2026-09-21,ADP,269.94,False,watch,,,,,,,,,,
2026-09-22,2026-09-21,ECL,269.98,False,watch,,,,,,,,,,
2026-09-22,2026-09-21,APD,279.46,False,watch,,,,,,,,,,
